,LABEL,path,Classe
0,TRAIN,gs://bdcc-aal-2022-db/images/000ccf1d00f7f1cd.jpg,Dog
1,TRAIN,gs://bdcc-aal-2022-db/images/004130acea29204f.jpg,Dog
2,TRAIN,gs://bdcc-aal-2022-db/images/004421e64e1be85b.jpg,Dog
3,TRAIN,gs://bdcc-aal-2022-db/images/0050fb46c84869b1.jpg,Dog
4,TRAIN,gs://bdcc-aal-2022-db/images/0071f9565601cb51.jpg,Dog
5,TRAIN,gs://bdcc-aal-2022-db/images/007a4d234b26981c.jpg,Dog
6,TRAIN,gs://bdcc-aal-2022-db/images/00802a215c4359e6.jpg,Dog
7,TRAIN,gs://bdcc-aal-2022-db/images/008ba50da8ca4bd6.jpg,Dog
8,TRAIN,gs://bdcc-aal-2022-db/images/008f6d9128e5aa5f.jpg,Dog
9,TRAIN,gs://bdcc-aal-2022-db/images/00924896424a6180.jpg,Dog
10,TRAIN,gs://bdcc-aal-2022-db/images/00a3bd25941af8a6.jpg,Dog
11,TRAIN,gs://bdcc-aal-2022-db/images/00a8361fbe82a0a7.jpg,Dog
12,TRAIN,gs://bdcc-aal-2022-db/images/00b39653add898a0.jpg,Dog
13,TRAIN,gs://bdcc-aal-2022-db/images/00bd6fef2f8cfd58.jpg,Dog
14,TRAIN,gs://bdcc-aal-2022-db/images/00c2050e8dbad885.jpg,Dog
15,TRAIN,gs://bdcc-aal-2022-db/images/00c6e88291c33874.jpg,Dog
16,TRAIN,gs://bdcc-aal-2022-db/images/00c8cc0ca100783a.jpg,Dog
17,TRAIN,gs://bdcc-aal-2022-db/images/00dc47ab78f74f2d.jpg,Dog
18,TRAIN,gs://bdcc-aal-2022-db/images/00e868abf770f2e5.jpg,Dog
19,TRAIN,gs://bdcc-aal-2022-db/images/012d326f2854f564.jpg,Dog
20,TRAIN,gs://bdcc-aal-2022-db/images/014a106c70423f16.jpg,Dog
21,TRAIN,gs://bdcc-aal-2022-db/images/014e07d4f5ab6c26.jpg,Dog
22,TRAIN,gs://bdcc-aal-2022-db/images/0150ef8e30b2f283.jpg,Dog
23,TRAIN,gs://bdcc-aal-2022-db/images/015503f90beb5a38.jpg,Dog
24,TRAIN,gs://bdcc-aal-2022-db/images/015b51526d6813b5.jpg,Dog
25,TRAIN,gs://bdcc-aal-2022-db/images/016132490f8ec495.jpg,Dog
26,TRAIN,gs://bdcc-aal-2022-db/images/017c5a5507ec70b8.jpg,Dog
27,TRAIN,gs://bdcc-aal-2022-db/images/0182142868e2ff55.jpg,Dog
28,TRAIN,gs://bdcc-aal-2022-db/images/0186e00a09cbae0e.jpg,Dog
29,TRAIN,gs://bdcc-aal-2022-db/images/019e31d8de913484.jpg,Dog
30,TRAIN,gs://bdcc-aal-2022-db/images/01b932a56adc9f0e.jpg,Dog
31,TRAIN,gs://bdcc-aal-2022-db/images/01ee79a4f50483ca.jpg,Dog
32,TRAIN,gs://bdcc-aal-2022-db/images/01ee85b236b57b7f.jpg,Dog
33,TRAIN,gs://bdcc-aal-2022-db/images/01ee8f959a667f5d.jpg,Dog
34,TRAIN,gs://bdcc-aal-2022-db/images/01fbf977a317ae22.jpg,Dog
35,TRAIN,gs://bdcc-aal-2022-db/images/02120c8ba78652da.jpg,Dog
36,TRAIN,gs://bdcc-aal-2022-db/images/0212a1ed87520519.jpg,Dog
37,TRAIN,gs://bdcc-aal-2022-db/images/021f622b01d6d812.jpg,Dog
38,TRAIN,gs://bdcc-aal-2022-db/images/0223b98566f9eb7c.jpg,Dog
39,TRAIN,gs://bdcc-aal-2022-db/images/022c21f0bd9e18d1.jpg,Dog
40,TRAIN,gs://bdcc-aal-2022-db/images/022e89969b239b63.jpg,Dog
41,TRAIN,gs://bdcc-aal-2022-db/images/023fc4e45c22f702.jpg,Dog
42,TRAIN,gs://bdcc-aal-2022-db/images/025a89926915d707.jpg,Dog
43,TRAIN,gs://bdcc-aal-2022-db/images/025b5eb416f73312.jpg,Dog
44,TRAIN,gs://bdcc-aal-2022-db/images/025e7134fd22c69c.jpg,Dog
45,TRAIN,gs://bdcc-aal-2022-db/images/026a0164abfc43ca.jpg,Dog
46,TRAIN,gs://bdcc-aal-2022-db/images/028363ddd78950c6.jpg,Dog
47,TRAIN,gs://bdcc-aal-2022-db/images/028a5497e6fa5c02.jpg,Dog
48,TRAIN,gs://bdcc-aal-2022-db/images/029096bb7f199843.jpg,Dog
49,TRAIN,gs://bdcc-aal-2022-db/images/029a799730eb8b30.jpg,Dog
50,TRAIN,gs://bdcc-aal-2022-db/images/02a69a60ecf689d8.jpg,Dog
51,TRAIN,gs://bdcc-aal-2022-db/images/02aa62a18370d3ed.jpg,Dog
52,TRAIN,gs://bdcc-aal-2022-db/images/02b197773b33c9c1.jpg,Dog
53,TRAIN,gs://bdcc-aal-2022-db/images/02ba71c35fa1520a.jpg,Dog
54,TRAIN,gs://bdcc-aal-2022-db/images/02c0431bfaa8d2e5.jpg,Dog
55,TRAIN,gs://bdcc-aal-2022-db/images/02c65fc2dddbd85f.jpg,Dog
56,TRAIN,gs://bdcc-aal-2022-db/images/02cef6aec25ce81c.jpg,Dog
57,TRAIN,gs://bdcc-aal-2022-db/images/02ea9e7f71cc2ee5.jpg,Dog
58,TRAIN,gs://bdcc-aal-2022-db/images/02ecda99aed5218a.jpg,Dog
59,TRAIN,gs://bdcc-aal-2022-db/images/02f32054e66c81ed.jpg,Dog
60,TRAIN,gs://bdcc-aal-2022-db/images/03199826c4aab1e3.jpg,Dog
61,TRAIN,gs://bdcc-aal-2022-db/images/0319a2749920f37b.jpg,Dog
62,TRAIN,gs://bdcc-aal-2022-db/images/031c316f39517c8a.jpg,Dog
63,TRAIN,gs://bdcc-aal-2022-db/images/031de3300e00b7cb.jpg,Dog
64,TRAIN,gs://bdcc-aal-2022-db/images/033b0600c4c5e0eb.jpg,Dog
65,TRAIN,gs://bdcc-aal-2022-db/images/033b1a4ed34119dd.jpg,Dog
66,TRAIN,gs://bdcc-aal-2022-db/images/033fc1bba2ca7014.jpg,Dog
67,TRAIN,gs://bdcc-aal-2022-db/images/036f172343c1caff.jpg,Dog
68,TRAIN,gs://bdcc-aal-2022-db/images/037138c8f60eb471.jpg,Dog
69,TRAIN,gs://bdcc-aal-2022-db/images/0383344f7f8060f9.jpg,Dog
70,TRAIN,gs://bdcc-aal-2022-db/images/0385d1bbc6fbeff0.jpg,Dog
71,TRAIN,gs://bdcc-aal-2022-db/images/038a80480f2cf449.jpg,Dog
72,TRAIN,gs://bdcc-aal-2022-db/images/03b15b92e531503d.jpg,Dog
73,TRAIN,gs://bdcc-aal-2022-db/images/03be3d825bdcb947.jpg,Dog
74,TRAIN,gs://bdcc-aal-2022-db/images/03d89e83702778e1.jpg,Dog
75,TRAIN,gs://bdcc-aal-2022-db/images/03e8ca1c25ed556d.jpg,Dog
76,TRAIN,gs://bdcc-aal-2022-db/images/03ec1451f0e754bf.jpg,Dog
77,TRAIN,gs://bdcc-aal-2022-db/images/03f080874978cf1f.jpg,Dog
78,TRAIN,gs://bdcc-aal-2022-db/images/03f7bc19f6697b00.jpg,Dog
79,TRAIN,gs://bdcc-aal-2022-db/images/03ffc0b7c71400e3.jpg,Dog
80,VALIDATION,gs://bdcc-aal-2022-db/images/041a336e612636c1.jpg,Dog
81,VALIDATION,gs://bdcc-aal-2022-db/images/042b5b3455706904.jpg,Dog
82,VALIDATION,gs://bdcc-aal-2022-db/images/043d162202466e72.jpg,Dog
83,VALIDATION,gs://bdcc-aal-2022-db/images/044b0ab97d4f68ff.jpg,Dog
84,VALIDATION,gs://bdcc-aal-2022-db/images/044e531b8a0f9585.jpg,Dog
85,VALIDATION,gs://bdcc-aal-2022-db/images/044f8e2e5f773be3.jpg,Dog
86,VALIDATION,gs://bdcc-aal-2022-db/images/0458034c81d6f267.jpg,Dog
87,VALIDATION,gs://bdcc-aal-2022-db/images/0461f5305cac6365.jpg,Dog
88,VALIDATION,gs://bdcc-aal-2022-db/images/0462dce081edfda4.jpg,Dog
89,VALIDATION,gs://bdcc-aal-2022-db/images/0474e6370379b6f8.jpg,Dog
90,TEST,gs://bdcc-aal-2022-db/images/04874a101b837f2f.jpg,Dog
91,TEST,gs://bdcc-aal-2022-db/images/0493ab65816a374b.jpg,Dog
92,TEST,gs://bdcc-aal-2022-db/images/049df9a38488f576.jpg,Dog
93,TEST,gs://bdcc-aal-2022-db/images/04ac25b79a678e61.jpg,Dog
94,TEST,gs://bdcc-aal-2022-db/images/04ae2dc76ed8380f.jpg,Dog
95,TEST,gs://bdcc-aal-2022-db/images/04bf1016f91f212b.jpg,Dog
96,TEST,gs://bdcc-aal-2022-db/images/04c3e6a5f8b7e5ae.jpg,Dog
97,TEST,gs://bdcc-aal-2022-db/images/04e76fb1951f69c0.jpg,Dog
98,TEST,gs://bdcc-aal-2022-db/images/04f8944064660d8f.jpg,Dog
99,TEST,gs://bdcc-aal-2022-db/images/04f97166b15ec429.jpg,Dog
100,TRAIN,gs://bdcc-aal-2022-db/images/00567dcce4a5f7d9.jpg,Cat
101,TRAIN,gs://bdcc-aal-2022-db/images/00b6be538644be0b.jpg,Cat
102,TRAIN,gs://bdcc-aal-2022-db/images/00d9419e2faa59fa.jpg,Cat
103,TRAIN,gs://bdcc-aal-2022-db/images/00dd6d717c50e78b.jpg,Cat
104,TRAIN,gs://bdcc-aal-2022-db/images/012b40f0d9ccba39.jpg,Cat
105,TRAIN,gs://bdcc-aal-2022-db/images/017c776a67956dd9.jpg,Cat
106,TRAIN,gs://bdcc-aal-2022-db/images/018376cd9ec14643.jpg,Cat
107,TRAIN,gs://bdcc-aal-2022-db/images/01a471db31e88727.jpg,Cat
108,TRAIN,gs://bdcc-aal-2022-db/images/01cc07838fc28a68.jpg,Cat
109,TRAIN,gs://bdcc-aal-2022-db/images/01e368998a68ff28.jpg,Cat
110,TRAIN,gs://bdcc-aal-2022-db/images/01e836367cfb0c76.jpg,Cat
111,TRAIN,gs://bdcc-aal-2022-db/images/020418f41a5dde99.jpg,Cat
112,TRAIN,gs://bdcc-aal-2022-db/images/022d642a36f4a551.jpg,Cat
113,TRAIN,gs://bdcc-aal-2022-db/images/02530be4f2f64f16.jpg,Cat
114,TRAIN,gs://bdcc-aal-2022-db/images/02e94b92d16c65de.jpg,Cat
115,TRAIN,gs://bdcc-aal-2022-db/images/02fbcf6ff524762f.jpg,Cat
116,TRAIN,gs://bdcc-aal-2022-db/images/0329708e66a64efb.jpg,Cat
117,TRAIN,gs://bdcc-aal-2022-db/images/033797e7b2ae595b.jpg,Cat
118,TRAIN,gs://bdcc-aal-2022-db/images/0410eff2d01dd540.jpg,Cat
119,TRAIN,gs://bdcc-aal-2022-db/images/043d38140a8252f1.jpg,Cat
120,TRAIN,gs://bdcc-aal-2022-db/images/0447d6428b6c2cf0.jpg,Cat
121,TRAIN,gs://bdcc-aal-2022-db/images/046f48d5c2c8d898.jpg,Cat
122,TRAIN,gs://bdcc-aal-2022-db/images/048c5a3cccc35143.jpg,Cat
123,TRAIN,gs://bdcc-aal-2022-db/images/04bd02346a23482a.jpg,Cat
124,TRAIN,gs://bdcc-aal-2022-db/images/04bfa701fa169045.jpg,Cat
125,TRAIN,gs://bdcc-aal-2022-db/images/0524443ce8d771fb.jpg,Cat
126,TRAIN,gs://bdcc-aal-2022-db/images/0555c7f8d767cdae.jpg,Cat
127,TRAIN,gs://bdcc-aal-2022-db/images/0657ea93e09eeab8.jpg,Cat
128,TRAIN,gs://bdcc-aal-2022-db/images/066af2f8fe78235f.jpg,Cat
129,TRAIN,gs://bdcc-aal-2022-db/images/0675c64e78c43bd4.jpg,Cat
130,TRAIN,gs://bdcc-aal-2022-db/images/070796cae7b21655.jpg,Cat
131,TRAIN,gs://bdcc-aal-2022-db/images/072075cc0668cc68.jpg,Cat
132,TRAIN,gs://bdcc-aal-2022-db/images/07adde55744da629.jpg,Cat
133,TRAIN,gs://bdcc-aal-2022-db/images/07bdad692a27b235.jpg,Cat
134,TRAIN,gs://bdcc-aal-2022-db/images/07d9048a6e0dc007.jpg,Cat
135,TRAIN,gs://bdcc-aal-2022-db/images/07f0bbd3fd9f3448.jpg,Cat
136,TRAIN,gs://bdcc-aal-2022-db/images/07feb6cc3655dc87.jpg,Cat
137,TRAIN,gs://bdcc-aal-2022-db/images/08675994e6743b52.jpg,Cat
138,TRAIN,gs://bdcc-aal-2022-db/images/08e305c9897827dd.jpg,Cat
139,TRAIN,gs://bdcc-aal-2022-db/images/08eef8249bb1c096.jpg,Cat
140,TRAIN,gs://bdcc-aal-2022-db/images/094334ac0e2f0d9d.jpg,Cat
141,TRAIN,gs://bdcc-aal-2022-db/images/099d79a1168e95a2.jpg,Cat
142,TRAIN,gs://bdcc-aal-2022-db/images/09a727503e753c5d.jpg,Cat
143,TRAIN,gs://bdcc-aal-2022-db/images/09c1c18e1ca3f7c3.jpg,Cat
144,TRAIN,gs://bdcc-aal-2022-db/images/09c48ceb3b1dbaf9.jpg,Cat
145,TRAIN,gs://bdcc-aal-2022-db/images/0a10e5741162ef98.jpg,Cat
146,TRAIN,gs://bdcc-aal-2022-db/images/0a397c6757b20695.jpg,Cat
147,TRAIN,gs://bdcc-aal-2022-db/images/0a4bfa962852da33.jpg,Cat
148,TRAIN,gs://bdcc-aal-2022-db/images/0a652c84fb45f9a9.jpg,Cat
149,TRAIN,gs://bdcc-aal-2022-db/images/0ab266f92baec71c.jpg,Cat
150,TRAIN,gs://bdcc-aal-2022-db/images/0b061ceda8f590e7.jpg,Cat
151,TRAIN,gs://bdcc-aal-2022-db/images/0b1166e05c7e2705.jpg,Cat
152,TRAIN,gs://bdcc-aal-2022-db/images/0b1d8641c0a629e5.jpg,Cat
153,TRAIN,gs://bdcc-aal-2022-db/images/0b21383186fb9f81.jpg,Cat
154,TRAIN,gs://bdcc-aal-2022-db/images/0b3740b6e5bf6550.jpg,Cat
155,TRAIN,gs://bdcc-aal-2022-db/images/0b59ee0b31a5ab4e.jpg,Cat
156,TRAIN,gs://bdcc-aal-2022-db/images/0b748340e89165f4.jpg,Cat
157,TRAIN,gs://bdcc-aal-2022-db/images/0bb03b3cad0efb39.jpg,Cat
158,TRAIN,gs://bdcc-aal-2022-db/images/0bd7249cd8e061ba.jpg,Cat
159,TRAIN,gs://bdcc-aal-2022-db/images/0bf0f85a86ad212f.jpg,Cat
160,TRAIN,gs://bdcc-aal-2022-db/images/0c15cedc8716a24b.jpg,Cat
161,TRAIN,gs://bdcc-aal-2022-db/images/0c783b33f01f7cac.jpg,Cat
162,TRAIN,gs://bdcc-aal-2022-db/images/0c7a5b1dea4d17a9.jpg,Cat
163,TRAIN,gs://bdcc-aal-2022-db/images/0cb8808f7615904e.jpg,Cat
164,TRAIN,gs://bdcc-aal-2022-db/images/0cbf8493b636ce37.jpg,Cat
165,TRAIN,gs://bdcc-aal-2022-db/images/0cfd4e0fc4f1bf56.jpg,Cat
166,TRAIN,gs://bdcc-aal-2022-db/images/0d04a6ac9f82d487.jpg,Cat
167,TRAIN,gs://bdcc-aal-2022-db/images/0d2486e1b0367db4.jpg,Cat
168,TRAIN,gs://bdcc-aal-2022-db/images/0d64005d60bca667.jpg,Cat
169,TRAIN,gs://bdcc-aal-2022-db/images/0e2715e7343f6ec3.jpg,Cat
170,TRAIN,gs://bdcc-aal-2022-db/images/0e2e5369865ba607.jpg,Cat
171,TRAIN,gs://bdcc-aal-2022-db/images/0e47cf48693a0bd4.jpg,Cat
172,TRAIN,gs://bdcc-aal-2022-db/images/0ea4852b0c090058.jpg,Cat
173,TRAIN,gs://bdcc-aal-2022-db/images/0ed2ce28c4d654bd.jpg,Cat
174,TRAIN,gs://bdcc-aal-2022-db/images/0f4ab59a2fdaadb8.jpg,Cat
175,TRAIN,gs://bdcc-aal-2022-db/images/0fc70d3067def51b.jpg,Cat
176,TRAIN,gs://bdcc-aal-2022-db/images/0ff037d4305d0f10.jpg,Cat
177,TRAIN,gs://bdcc-aal-2022-db/images/0ffa5ed1c5e9eeae.jpg,Cat
178,TRAIN,gs://bdcc-aal-2022-db/images/0ffc9bb1e54039f4.jpg,Cat
179,TRAIN,gs://bdcc-aal-2022-db/images/0fff06272cf4da8b.jpg,Cat
180,VALIDATION,gs://bdcc-aal-2022-db/images/10214ca8b5a6aa93.jpg,Cat
181,VALIDATION,gs://bdcc-aal-2022-db/images/106a71475c38d177.jpg,Cat
182,VALIDATION,gs://bdcc-aal-2022-db/images/1079052e02163b61.jpg,Cat
183,VALIDATION,gs://bdcc-aal-2022-db/images/10d3664ec0bb4dc9.jpg,Cat
184,VALIDATION,gs://bdcc-aal-2022-db/images/11576c45895da4ba.jpg,Cat
185,VALIDATION,gs://bdcc-aal-2022-db/images/123b018bf069b759.jpg,Cat
186,VALIDATION,gs://bdcc-aal-2022-db/images/12d23628822d875f.jpg,Cat
187,VALIDATION,gs://bdcc-aal-2022-db/images/12d411b8aa57ea1d.jpg,Cat
188,VALIDATION,gs://bdcc-aal-2022-db/images/12e262615d71d0d8.jpg,Cat
189,VALIDATION,gs://bdcc-aal-2022-db/images/12e3a191ec6d32a6.jpg,Cat
190,TEST,gs://bdcc-aal-2022-db/images/12fa64f36ad08c5b.jpg,Cat
191,TEST,gs://bdcc-aal-2022-db/images/138323ddc170f97e.jpg,Cat
192,TEST,gs://bdcc-aal-2022-db/images/138ea2ee825b8b9a.jpg,Cat
193,TEST,gs://bdcc-aal-2022-db/images/13f8a57a12298e3f.jpg,Cat
194,TEST,gs://bdcc-aal-2022-db/images/1437c062ffadd25f.jpg,Cat
195,TEST,gs://bdcc-aal-2022-db/images/14857eda90de0088.jpg,Cat
196,TEST,gs://bdcc-aal-2022-db/images/14f100eb85e81b95.jpg,Cat
197,TEST,gs://bdcc-aal-2022-db/images/150a0a4623ed8a91.jpg,Cat
198,TEST,gs://bdcc-aal-2022-db/images/1521f8e16a5f7fdd.jpg,Cat
199,TEST,gs://bdcc-aal-2022-db/images/15441f45d3ec4ef2.jpg,Cat
200,TRAIN,gs://bdcc-aal-2022-db/images/000062a39995e348.jpg,Bird
201,TRAIN,gs://bdcc-aal-2022-db/images/004ebd2a35a7f4b3.jpg,Bird
202,TRAIN,gs://bdcc-aal-2022-db/images/006a4d298e822b6c.jpg,Bird
203,TRAIN,gs://bdcc-aal-2022-db/images/00835b2ca0080c11.jpg,Bird
204,TRAIN,gs://bdcc-aal-2022-db/images/00bf37cdc7ae8d10.jpg,Bird
205,TRAIN,gs://bdcc-aal-2022-db/images/00f0831b87df4954.jpg,Bird
206,TRAIN,gs://bdcc-aal-2022-db/images/00fe0d9759227ec9.jpg,Bird
207,TRAIN,gs://bdcc-aal-2022-db/images/010216110946e9af.jpg,Bird
208,TRAIN,gs://bdcc-aal-2022-db/images/0108c203dcb51a6d.jpg,Bird
209,TRAIN,gs://bdcc-aal-2022-db/images/01632af92cff6284.jpg,Bird
210,TRAIN,gs://bdcc-aal-2022-db/images/0174257f1957d522.jpg,Bird
211,TRAIN,gs://bdcc-aal-2022-db/images/01d831fbda6fa27e.jpg,Bird
212,TRAIN,gs://bdcc-aal-2022-db/images/0230faae1c2e77bb.jpg,Bird
213,TRAIN,gs://bdcc-aal-2022-db/images/0231ba6852a4fb3c.jpg,Bird
214,TRAIN,gs://bdcc-aal-2022-db/images/02361af85520b6d6.jpg,Bird
215,TRAIN,gs://bdcc-aal-2022-db/images/0259f034953ab1cc.jpg,Bird
216,TRAIN,gs://bdcc-aal-2022-db/images/025dfa9ea18bcb18.jpg,Bird
217,TRAIN,gs://bdcc-aal-2022-db/images/028f9e51996799f8.jpg,Bird
218,TRAIN,gs://bdcc-aal-2022-db/images/02c0b735fc2f63a4.jpg,Bird
219,TRAIN,gs://bdcc-aal-2022-db/images/02c74f2be91fd19a.jpg,Bird
220,TRAIN,gs://bdcc-aal-2022-db/images/031a31669343ea2c.jpg,Bird
221,TRAIN,gs://bdcc-aal-2022-db/images/03767ec056b8994c.jpg,Bird
222,TRAIN,gs://bdcc-aal-2022-db/images/038f7e0e31c51740.jpg,Bird
223,TRAIN,gs://bdcc-aal-2022-db/images/03bd646184324237.jpg,Bird
224,TRAIN,gs://bdcc-aal-2022-db/images/03c2bccf97c631aa.jpg,Bird
225,TRAIN,gs://bdcc-aal-2022-db/images/03cf2162de684ed1.jpg,Bird
226,TRAIN,gs://bdcc-aal-2022-db/images/03d56b24815b6c79.jpg,Bird
227,TRAIN,gs://bdcc-aal-2022-db/images/04100bc0866036ce.jpg,Bird
228,TRAIN,gs://bdcc-aal-2022-db/images/0419be7677df9e33.jpg,Bird
229,TRAIN,gs://bdcc-aal-2022-db/images/041cb2f958f04d82.jpg,Bird
230,TRAIN,gs://bdcc-aal-2022-db/images/045b854368738052.jpg,Bird
231,TRAIN,gs://bdcc-aal-2022-db/images/047d440e4a310a84.jpg,Bird
232,TRAIN,gs://bdcc-aal-2022-db/images/049f211dcba7d9a1.jpg,Bird
233,TRAIN,gs://bdcc-aal-2022-db/images/04b1523a9217aed4.jpg,Bird
234,TRAIN,gs://bdcc-aal-2022-db/images/04d3f8f915c07260.jpg,Bird
235,TRAIN,gs://bdcc-aal-2022-db/images/04d8a83095cef583.jpg,Bird
236,TRAIN,gs://bdcc-aal-2022-db/images/04ecce9c1888949b.jpg,Bird
237,TRAIN,gs://bdcc-aal-2022-db/images/0514f26adba9b9a2.jpg,Bird
238,TRAIN,gs://bdcc-aal-2022-db/images/0521763b0aa4b4bb.jpg,Bird
239,TRAIN,gs://bdcc-aal-2022-db/images/0522fa267f284165.jpg,Bird
240,TRAIN,gs://bdcc-aal-2022-db/images/0564c1f4a1f9dd10.jpg,Bird
241,TRAIN,gs://bdcc-aal-2022-db/images/05c3a552f76056b0.jpg,Bird
242,TRAIN,gs://bdcc-aal-2022-db/images/05fbbc5ac42cc915.jpg,Bird
243,TRAIN,gs://bdcc-aal-2022-db/images/06019a1f0f9e31a5.jpg,Bird
244,TRAIN,gs://bdcc-aal-2022-db/images/061cd7d0398e6e22.jpg,Bird
245,TRAIN,gs://bdcc-aal-2022-db/images/0682d310d920e23a.jpg,Bird
246,TRAIN,gs://bdcc-aal-2022-db/images/0684331f4f9579e8.jpg,Bird
247,TRAIN,gs://bdcc-aal-2022-db/images/06c9cc5fd907e7cd.jpg,Bird
248,TRAIN,gs://bdcc-aal-2022-db/images/06d0334ff6e9797e.jpg,Bird
249,TRAIN,gs://bdcc-aal-2022-db/images/06d478dedd964618.jpg,Bird
250,TRAIN,gs://bdcc-aal-2022-db/images/074f155ff51c8236.jpg,Bird
251,TRAIN,gs://bdcc-aal-2022-db/images/0761f90548075d9a.jpg,Bird
252,TRAIN,gs://bdcc-aal-2022-db/images/078e0dd447ea232e.jpg,Bird
253,TRAIN,gs://bdcc-aal-2022-db/images/07c590255de615e0.jpg,Bird
254,TRAIN,gs://bdcc-aal-2022-db/images/07ca230691eec10e.jpg,Bird
255,TRAIN,gs://bdcc-aal-2022-db/images/07d37babca0a3736.jpg,Bird
256,TRAIN,gs://bdcc-aal-2022-db/images/08074681621edd2c.jpg,Bird
257,TRAIN,gs://bdcc-aal-2022-db/images/087a0fcdf626a8e1.jpg,Bird
258,TRAIN,gs://bdcc-aal-2022-db/images/0884d9c4dfbb236c.jpg,Bird
259,TRAIN,gs://bdcc-aal-2022-db/images/088c485f5b7545e8.jpg,Bird
260,TRAIN,gs://bdcc-aal-2022-db/images/08ac87bef833da9d.jpg,Bird
261,TRAIN,gs://bdcc-aal-2022-db/images/08ad804598536a4f.jpg,Bird
262,TRAIN,gs://bdcc-aal-2022-db/images/09ac7b1e858b07a5.jpg,Bird
263,TRAIN,gs://bdcc-aal-2022-db/images/0a01ea186bdd8ef0.jpg,Bird
264,TRAIN,gs://bdcc-aal-2022-db/images/0a16016b833fc07f.jpg,Bird
265,TRAIN,gs://bdcc-aal-2022-db/images/0a439f5ecda0086c.jpg,Bird
266,TRAIN,gs://bdcc-aal-2022-db/images/0a451ad29b8506c9.jpg,Bird
267,TRAIN,gs://bdcc-aal-2022-db/images/0a757eb94d0881a1.jpg,Bird
268,TRAIN,gs://bdcc-aal-2022-db/images/0a843190a576c7b6.jpg,Bird
269,TRAIN,gs://bdcc-aal-2022-db/images/0ac0de0931a8b1a7.jpg,Bird
270,TRAIN,gs://bdcc-aal-2022-db/images/0b080e612fd4a302.jpg,Bird
271,TRAIN,gs://bdcc-aal-2022-db/images/0b14f8c8bc980dcc.jpg,Bird
272,TRAIN,gs://bdcc-aal-2022-db/images/0b17f6c32cad0a50.jpg,Bird
273,TRAIN,gs://bdcc-aal-2022-db/images/0b45431e579e3f6e.jpg,Bird
274,TRAIN,gs://bdcc-aal-2022-db/images/0b8036158c2721a1.jpg,Bird
275,TRAIN,gs://bdcc-aal-2022-db/images/0b9ab10605b0ead8.jpg,Bird
276,TRAIN,gs://bdcc-aal-2022-db/images/0bdc37410ad0c98c.jpg,Bird
277,TRAIN,gs://bdcc-aal-2022-db/images/0c5e27b81c8feb32.jpg,Bird
278,TRAIN,gs://bdcc-aal-2022-db/images/0c5f65371652e673.jpg,Bird
279,TRAIN,gs://bdcc-aal-2022-db/images/0c7b43ad1246e2c8.jpg,Bird
280,VALIDATION,gs://bdcc-aal-2022-db/images/0c9eb1868c2d1228.jpg,Bird
281,VALIDATION,gs://bdcc-aal-2022-db/images/0cace645b63448ca.jpg,Bird
282,VALIDATION,gs://bdcc-aal-2022-db/images/0cb3adf44d3ca506.jpg,Bird
283,VALIDATION,gs://bdcc-aal-2022-db/images/0cd0d53628ad7d29.jpg,Bird
284,VALIDATION,gs://bdcc-aal-2022-db/images/0d2345da189d2ab1.jpg,Bird
285,VALIDATION,gs://bdcc-aal-2022-db/images/0d29d4e611acacfe.jpg,Bird
286,VALIDATION,gs://bdcc-aal-2022-db/images/0d59e56b02d1ce9e.jpg,Bird
287,VALIDATION,gs://bdcc-aal-2022-db/images/0d6a527e509d7e6e.jpg,Bird
288,VALIDATION,gs://bdcc-aal-2022-db/images/0da3c1aaaa84f2da.jpg,Bird
289,VALIDATION,gs://bdcc-aal-2022-db/images/0dcfa87adf9168d6.jpg,Bird
290,TEST,gs://bdcc-aal-2022-db/images/0df1282be34eeaa4.jpg,Bird
291,TEST,gs://bdcc-aal-2022-db/images/0e08f18f6e603a36.jpg,Bird
292,TEST,gs://bdcc-aal-2022-db/images/0e0f1497f939d99f.jpg,Bird
293,TEST,gs://bdcc-aal-2022-db/images/0e20f679da5a8582.jpg,Bird
294,TEST,gs://bdcc-aal-2022-db/images/0e22d9fd035a85db.jpg,Bird
295,TEST,gs://bdcc-aal-2022-db/images/0e55249843756833.jpg,Bird
296,TEST,gs://bdcc-aal-2022-db/images/0e8856aa5c5ca143.jpg,Bird
297,TEST,gs://bdcc-aal-2022-db/images/0edcd7b84d91364d.jpg,Bird
298,TEST,gs://bdcc-aal-2022-db/images/0ee696888a405d3b.jpg,Bird
299,TEST,gs://bdcc-aal-2022-db/images/0ee9097b0c090b41.jpg,Bird
300,TRAIN,gs://bdcc-aal-2022-db/images/002d966db9db634c.jpg,Horse
301,TRAIN,gs://bdcc-aal-2022-db/images/00e789d671a484c6.jpg,Horse
302,TRAIN,gs://bdcc-aal-2022-db/images/01097eaa96dcfb20.jpg,Horse
303,TRAIN,gs://bdcc-aal-2022-db/images/014bcc2a3590db99.jpg,Horse
304,TRAIN,gs://bdcc-aal-2022-db/images/0162ec19a2664049.jpg,Horse
305,TRAIN,gs://bdcc-aal-2022-db/images/018d66fb024c0d25.jpg,Horse
306,TRAIN,gs://bdcc-aal-2022-db/images/01a978c9a171c107.jpg,Horse
307,TRAIN,gs://bdcc-aal-2022-db/images/025ec7dc8c2263b7.jpg,Horse
308,TRAIN,gs://bdcc-aal-2022-db/images/02955a95a4785d44.jpg,Horse
309,TRAIN,gs://bdcc-aal-2022-db/images/03504848e90a3706.jpg,Horse
310,TRAIN,gs://bdcc-aal-2022-db/images/03726844adb2e67a.jpg,Horse
311,TRAIN,gs://bdcc-aal-2022-db/images/041ad9ea598c47ad.jpg,Horse
312,TRAIN,gs://bdcc-aal-2022-db/images/043cfbb97cf7d0ef.jpg,Horse
313,TRAIN,gs://bdcc-aal-2022-db/images/049f7d67144f3e13.jpg,Horse
314,TRAIN,gs://bdcc-aal-2022-db/images/04faa90729789d70.jpg,Horse
315,TRAIN,gs://bdcc-aal-2022-db/images/05d9d537060881b6.jpg,Horse
316,TRAIN,gs://bdcc-aal-2022-db/images/05f0aa43a4bdd395.jpg,Horse
317,TRAIN,gs://bdcc-aal-2022-db/images/06bfb82021cba53e.jpg,Horse
318,TRAIN,gs://bdcc-aal-2022-db/images/06c17b79bde56cd3.jpg,Horse
319,TRAIN,gs://bdcc-aal-2022-db/images/06d79636ef2e7b27.jpg,Horse
320,TRAIN,gs://bdcc-aal-2022-db/images/06e64210b31f477d.jpg,Horse
321,TRAIN,gs://bdcc-aal-2022-db/images/070ff7a795140002.jpg,Horse
322,TRAIN,gs://bdcc-aal-2022-db/images/07638773cfbe2ee1.jpg,Horse
323,TRAIN,gs://bdcc-aal-2022-db/images/0783df765df73572.jpg,Horse
324,TRAIN,gs://bdcc-aal-2022-db/images/08d3314312c69620.jpg,Horse
325,TRAIN,gs://bdcc-aal-2022-db/images/091263fd8fb6becf.jpg,Horse
326,TRAIN,gs://bdcc-aal-2022-db/images/0925c326e6ee75ed.jpg,Horse
327,TRAIN,gs://bdcc-aal-2022-db/images/09af10ae61a4ef27.jpg,Horse
328,TRAIN,gs://bdcc-aal-2022-db/images/0a49dd9c2fbc8e54.jpg,Horse
329,TRAIN,gs://bdcc-aal-2022-db/images/0a8c7bbae99db4df.jpg,Horse
330,TRAIN,gs://bdcc-aal-2022-db/images/0b17d5cb644ef36b.jpg,Horse
331,TRAIN,gs://bdcc-aal-2022-db/images/0bb24c98e61ec7b2.jpg,Horse
332,TRAIN,gs://bdcc-aal-2022-db/images/0bbe5d91c4b0c6c9.jpg,Horse
333,TRAIN,gs://bdcc-aal-2022-db/images/0bd639cae82eb91c.jpg,Horse
334,TRAIN,gs://bdcc-aal-2022-db/images/0c9ba0a6b300209d.jpg,Horse
335,TRAIN,gs://bdcc-aal-2022-db/images/0ceacfd214ddb209.jpg,Horse
336,TRAIN,gs://bdcc-aal-2022-db/images/0d300fd27bb32524.jpg,Horse
337,TRAIN,gs://bdcc-aal-2022-db/images/0d41d737d89d7f3e.jpg,Horse
338,TRAIN,gs://bdcc-aal-2022-db/images/0d511ce79ae7cd96.jpg,Horse
339,TRAIN,gs://bdcc-aal-2022-db/images/0d98d0cea52c9f52.jpg,Horse
340,TRAIN,gs://bdcc-aal-2022-db/images/0dc9c6b1a0d95c70.jpg,Horse
341,TRAIN,gs://bdcc-aal-2022-db/images/0def43d0bd4744e3.jpg,Horse
342,TRAIN,gs://bdcc-aal-2022-db/images/0df4980c1dccda78.jpg,Horse
343,TRAIN,gs://bdcc-aal-2022-db/images/0e153b5bb0303fb4.jpg,Horse
344,TRAIN,gs://bdcc-aal-2022-db/images/0ebe4a9c575a2c85.jpg,Horse
345,TRAIN,gs://bdcc-aal-2022-db/images/0ee8ba563ee25959.jpg,Horse
346,TRAIN,gs://bdcc-aal-2022-db/images/0f8c1cc24a2fb47b.jpg,Horse
347,TRAIN,gs://bdcc-aal-2022-db/images/0f901c5dcb73e732.jpg,Horse
348,TRAIN,gs://bdcc-aal-2022-db/images/0fb656f0d8e27c9a.jpg,Horse
349,TRAIN,gs://bdcc-aal-2022-db/images/1018423367ef25bf.jpg,Horse
350,TRAIN,gs://bdcc-aal-2022-db/images/10962f6bc7c6d013.jpg,Horse
351,TRAIN,gs://bdcc-aal-2022-db/images/10a36a0e29c23c70.jpg,Horse
352,TRAIN,gs://bdcc-aal-2022-db/images/11f3bf6ff9f6120d.jpg,Horse
353,TRAIN,gs://bdcc-aal-2022-db/images/11f4313c24c2e27b.jpg,Horse
354,TRAIN,gs://bdcc-aal-2022-db/images/11fdd25a4b8b85d7.jpg,Horse
355,TRAIN,gs://bdcc-aal-2022-db/images/120a01ef5a123ef1.jpg,Horse
356,TRAIN,gs://bdcc-aal-2022-db/images/12cff10bc6b6ddf7.jpg,Horse
357,TRAIN,gs://bdcc-aal-2022-db/images/13af6d6e2b845388.jpg,Horse
358,TRAIN,gs://bdcc-aal-2022-db/images/13e366b80a184868.jpg,Horse
359,TRAIN,gs://bdcc-aal-2022-db/images/1447059b7e0c5c95.jpg,Horse
360,TRAIN,gs://bdcc-aal-2022-db/images/14d91a4e1de9c3f3.jpg,Horse
361,TRAIN,gs://bdcc-aal-2022-db/images/1504029bef1d4819.jpg,Horse
362,TRAIN,gs://bdcc-aal-2022-db/images/154cd0a8c596af31.jpg,Horse
363,TRAIN,gs://bdcc-aal-2022-db/images/161d46ef3569a9f6.jpg,Horse
364,TRAIN,gs://bdcc-aal-2022-db/images/1650987494baf4d9.jpg,Horse
365,TRAIN,gs://bdcc-aal-2022-db/images/167af8f2bde5db07.jpg,Horse
366,TRAIN,gs://bdcc-aal-2022-db/images/16f99168b74cff1a.jpg,Horse
367,TRAIN,gs://bdcc-aal-2022-db/images/175cfa9317d267de.jpg,Horse
368,TRAIN,gs://bdcc-aal-2022-db/images/17bcfecbd8e82f51.jpg,Horse
369,TRAIN,gs://bdcc-aal-2022-db/images/17bed7e41af2934f.jpg,Horse
370,TRAIN,gs://bdcc-aal-2022-db/images/17e5768a7771bbe5.jpg,Horse
371,TRAIN,gs://bdcc-aal-2022-db/images/186761841e01f9c7.jpg,Horse
372,TRAIN,gs://bdcc-aal-2022-db/images/188b03e4ea34c5e1.jpg,Horse
373,TRAIN,gs://bdcc-aal-2022-db/images/189f2b0b825a651d.jpg,Horse
374,TRAIN,gs://bdcc-aal-2022-db/images/18c3cd0af77a6e8a.jpg,Horse
375,TRAIN,gs://bdcc-aal-2022-db/images/18d962c7db9f1953.jpg,Horse
376,TRAIN,gs://bdcc-aal-2022-db/images/18dcbc544ca2ae8f.jpg,Horse
377,TRAIN,gs://bdcc-aal-2022-db/images/18e5dbb67158438c.jpg,Horse
378,TRAIN,gs://bdcc-aal-2022-db/images/190a2c84dec938bf.jpg,Horse
379,TRAIN,gs://bdcc-aal-2022-db/images/194f812bc0f9dceb.jpg,Horse
380,VALIDATION,gs://bdcc-aal-2022-db/images/198b358e894561c0.jpg,Horse
381,VALIDATION,gs://bdcc-aal-2022-db/images/1a559942e5bdd1fc.jpg,Horse
382,VALIDATION,gs://bdcc-aal-2022-db/images/1a7a899988454c84.jpg,Horse
383,VALIDATION,gs://bdcc-aal-2022-db/images/1aa3c928a4b63951.jpg,Horse
384,VALIDATION,gs://bdcc-aal-2022-db/images/1ad662910d8d6d5d.jpg,Horse
385,VALIDATION,gs://bdcc-aal-2022-db/images/1b3b104c032ae8cb.jpg,Horse
386,VALIDATION,gs://bdcc-aal-2022-db/images/1bdd43df7eca88c3.jpg,Horse
387,VALIDATION,gs://bdcc-aal-2022-db/images/1c6277704f808229.jpg,Horse
388,VALIDATION,gs://bdcc-aal-2022-db/images/1c69867a61d1427c.jpg,Horse
389,VALIDATION,gs://bdcc-aal-2022-db/images/1d265f42ca96c4c8.jpg,Horse
390,TEST,gs://bdcc-aal-2022-db/images/1d805560723345de.jpg,Horse
391,TEST,gs://bdcc-aal-2022-db/images/1e0f728da5a602f0.jpg,Horse
392,TEST,gs://bdcc-aal-2022-db/images/1e3c8f312cb93644.jpg,Horse
393,TEST,gs://bdcc-aal-2022-db/images/1f0be8d27b417bb4.jpg,Horse
394,TEST,gs://bdcc-aal-2022-db/images/203c6de0f0eb9dec.jpg,Horse
395,TEST,gs://bdcc-aal-2022-db/images/204812f59423bc81.jpg,Horse
396,TEST,gs://bdcc-aal-2022-db/images/206f16d2a0ebd435.jpg,Horse
397,TEST,gs://bdcc-aal-2022-db/images/20e04b5395c1ee8c.jpg,Horse
398,TEST,gs://bdcc-aal-2022-db/images/210fccc9699e4bf4.jpg,Horse
399,TEST,gs://bdcc-aal-2022-db/images/230c3eb8f22cee77.jpg,Horse
400,TRAIN,gs://bdcc-aal-2022-db/images/0026d23740c5919f.jpg,Fish
401,TRAIN,gs://bdcc-aal-2022-db/images/0048c8734bd9116f.jpg,Fish
402,TRAIN,gs://bdcc-aal-2022-db/images/0055b74192ea3ab6.jpg,Fish
403,TRAIN,gs://bdcc-aal-2022-db/images/00943cd3a847df1c.jpg,Fish
404,TRAIN,gs://bdcc-aal-2022-db/images/00b0849215c716bd.jpg,Fish
405,TRAIN,gs://bdcc-aal-2022-db/images/016830e678a6d11e.jpg,Fish
406,TRAIN,gs://bdcc-aal-2022-db/images/01b18807652a57e8.jpg,Fish
407,TRAIN,gs://bdcc-aal-2022-db/images/0208785d519ad17d.jpg,Fish
408,TRAIN,gs://bdcc-aal-2022-db/images/02576a08b5f5da06.jpg,Fish
409,TRAIN,gs://bdcc-aal-2022-db/images/025b95ddccc8ef56.jpg,Fish
410,TRAIN,gs://bdcc-aal-2022-db/images/026dfb42b3a71793.jpg,Fish
411,TRAIN,gs://bdcc-aal-2022-db/images/02737291abb464c9.jpg,Fish
412,TRAIN,gs://bdcc-aal-2022-db/images/03352f3be3405e65.jpg,Fish
413,TRAIN,gs://bdcc-aal-2022-db/images/0362d70ccef88f3e.jpg,Fish
414,TRAIN,gs://bdcc-aal-2022-db/images/0378fa9f52ccefc6.jpg,Fish
415,TRAIN,gs://bdcc-aal-2022-db/images/039c34214daae952.jpg,Fish
416,TRAIN,gs://bdcc-aal-2022-db/images/04e7f6eb60ef0e23.jpg,Fish
417,TRAIN,gs://bdcc-aal-2022-db/images/055ef13dfb952104.jpg,Fish
418,TRAIN,gs://bdcc-aal-2022-db/images/05ca6922b5743207.jpg,Fish
419,TRAIN,gs://bdcc-aal-2022-db/images/061c7546f890b7d6.jpg,Fish
420,TRAIN,gs://bdcc-aal-2022-db/images/06227614ca0641a6.jpg,Fish
421,TRAIN,gs://bdcc-aal-2022-db/images/06228862b407bdc0.jpg,Fish
422,TRAIN,gs://bdcc-aal-2022-db/images/06a0353d33c6f148.jpg,Fish
423,TRAIN,gs://bdcc-aal-2022-db/images/06be69f2923caa0b.jpg,Fish
424,TRAIN,gs://bdcc-aal-2022-db/images/06d95502b04faad2.jpg,Fish
425,TRAIN,gs://bdcc-aal-2022-db/images/071b0745940f3d7c.jpg,Fish
426,TRAIN,gs://bdcc-aal-2022-db/images/0768d326a23f6b77.jpg,Fish
427,TRAIN,gs://bdcc-aal-2022-db/images/0817d02a826b8fe1.jpg,Fish
428,TRAIN,gs://bdcc-aal-2022-db/images/081a861b265c042f.jpg,Fish
429,TRAIN,gs://bdcc-aal-2022-db/images/08289b52b2727914.jpg,Fish
430,TRAIN,gs://bdcc-aal-2022-db/images/0884ef11050b5cef.jpg,Fish
431,TRAIN,gs://bdcc-aal-2022-db/images/0ac9487aec65bc89.jpg,Fish
432,TRAIN,gs://bdcc-aal-2022-db/images/0aeec6f455d590be.jpg,Fish
433,TRAIN,gs://bdcc-aal-2022-db/images/0b689e1e97d910de.jpg,Fish
434,TRAIN,gs://bdcc-aal-2022-db/images/0b68d490a91827a9.jpg,Fish
435,TRAIN,gs://bdcc-aal-2022-db/images/0bcb992975eca8c2.jpg,Fish
436,TRAIN,gs://bdcc-aal-2022-db/images/0c42b08fc58ff26b.jpg,Fish
437,TRAIN,gs://bdcc-aal-2022-db/images/0c499ae5a9dca11b.jpg,Fish
438,TRAIN,gs://bdcc-aal-2022-db/images/0c5b53ba46f11ace.jpg,Fish
439,TRAIN,gs://bdcc-aal-2022-db/images/0d1bdd7bb8fcea9c.jpg,Fish
440,TRAIN,gs://bdcc-aal-2022-db/images/0d25ca6022db691a.jpg,Fish
441,TRAIN,gs://bdcc-aal-2022-db/images/0d32e6abb1e6af4e.jpg,Fish
442,TRAIN,gs://bdcc-aal-2022-db/images/0e653ff98cc57267.jpg,Fish
443,TRAIN,gs://bdcc-aal-2022-db/images/0eac0048edc9ecf2.jpg,Fish
444,TRAIN,gs://bdcc-aal-2022-db/images/0eeb46fad6102dad.jpg,Fish
445,TRAIN,gs://bdcc-aal-2022-db/images/0f2a9ac3d93ef77b.jpg,Fish
446,TRAIN,gs://bdcc-aal-2022-db/images/0f6c6d95ef06b1e2.jpg,Fish
447,TRAIN,gs://bdcc-aal-2022-db/images/0f9659d6162de32f.jpg,Fish
448,TRAIN,gs://bdcc-aal-2022-db/images/0f9b380ae9087187.jpg,Fish
449,TRAIN,gs://bdcc-aal-2022-db/images/0fa257bafbd58df8.jpg,Fish
450,TRAIN,gs://bdcc-aal-2022-db/images/1004708828396a84.jpg,Fish
451,TRAIN,gs://bdcc-aal-2022-db/images/10974012e07247a5.jpg,Fish
452,TRAIN,gs://bdcc-aal-2022-db/images/10b80145df20b87a.jpg,Fish
453,TRAIN,gs://bdcc-aal-2022-db/images/10e5b1b9d7ac9443.jpg,Fish
454,TRAIN,gs://bdcc-aal-2022-db/images/11a5aa0db071fb53.jpg,Fish
455,TRAIN,gs://bdcc-aal-2022-db/images/11c05bcba9794149.jpg,Fish
456,TRAIN,gs://bdcc-aal-2022-db/images/120366298e4ebe93.jpg,Fish
457,TRAIN,gs://bdcc-aal-2022-db/images/12b1f929640f1227.jpg,Fish
458,TRAIN,gs://bdcc-aal-2022-db/images/12d126959238ae08.jpg,Fish
459,TRAIN,gs://bdcc-aal-2022-db/images/12e27aab527ecc81.jpg,Fish
460,TRAIN,gs://bdcc-aal-2022-db/images/12fcbfe27054b740.jpg,Fish
461,TRAIN,gs://bdcc-aal-2022-db/images/130d76edbc0cffe7.jpg,Fish
462,TRAIN,gs://bdcc-aal-2022-db/images/137b42df5570bf60.jpg,Fish
463,TRAIN,gs://bdcc-aal-2022-db/images/140d57075fe08b24.jpg,Fish
464,TRAIN,gs://bdcc-aal-2022-db/images/1439fd60f717b626.jpg,Fish
465,TRAIN,gs://bdcc-aal-2022-db/images/143a942de3974f2e.jpg,Fish
466,TRAIN,gs://bdcc-aal-2022-db/images/1481fa562ea0dd5a.jpg,Fish
467,TRAIN,gs://bdcc-aal-2022-db/images/149303ebe1cdbc15.jpg,Fish
468,TRAIN,gs://bdcc-aal-2022-db/images/14c233df2c8e3a57.jpg,Fish
469,TRAIN,gs://bdcc-aal-2022-db/images/14e64718257fc25c.jpg,Fish
470,TRAIN,gs://bdcc-aal-2022-db/images/157d702110fd578b.jpg,Fish
471,TRAIN,gs://bdcc-aal-2022-db/images/158fe419d1364f65.jpg,Fish
472,TRAIN,gs://bdcc-aal-2022-db/images/15ccedb600380afa.jpg,Fish
473,TRAIN,gs://bdcc-aal-2022-db/images/15e1f3067940c9b0.jpg,Fish
474,TRAIN,gs://bdcc-aal-2022-db/images/162bc7e2822b1b1f.jpg,Fish
475,TRAIN,gs://bdcc-aal-2022-db/images/1645b9056ff7634f.jpg,Fish
476,TRAIN,gs://bdcc-aal-2022-db/images/16e29884cee9cac8.jpg,Fish
477,TRAIN,gs://bdcc-aal-2022-db/images/171d66c152aa59cc.jpg,Fish
478,TRAIN,gs://bdcc-aal-2022-db/images/175c53a33364887b.jpg,Fish
479,TRAIN,gs://bdcc-aal-2022-db/images/1769e65904d11818.jpg,Fish
480,VALIDATION,gs://bdcc-aal-2022-db/images/187363ba9cc9eaee.jpg,Fish
481,VALIDATION,gs://bdcc-aal-2022-db/images/188ad6178236bf74.jpg,Fish
482,VALIDATION,gs://bdcc-aal-2022-db/images/188dab1ddd1be361.jpg,Fish
483,VALIDATION,gs://bdcc-aal-2022-db/images/18c07446aa4514e1.jpg,Fish
484,VALIDATION,gs://bdcc-aal-2022-db/images/18d59a3090c68870.jpg,Fish
485,VALIDATION,gs://bdcc-aal-2022-db/images/1944bfd4c0d53510.jpg,Fish
486,VALIDATION,gs://bdcc-aal-2022-db/images/196de82ff3ad6696.jpg,Fish
487,VALIDATION,gs://bdcc-aal-2022-db/images/1994c8c76a7a388a.jpg,Fish
488,VALIDATION,gs://bdcc-aal-2022-db/images/19e99aab809e4817.jpg,Fish
489,VALIDATION,gs://bdcc-aal-2022-db/images/1a0892c41b625802.jpg,Fish
490,TEST,gs://bdcc-aal-2022-db/images/1a8b9de0efe0270f.jpg,Fish
491,TEST,gs://bdcc-aal-2022-db/images/1a8edc9897687dc1.jpg,Fish
492,TEST,gs://bdcc-aal-2022-db/images/1ace7ec43e99aa76.jpg,Fish
493,TEST,gs://bdcc-aal-2022-db/images/1aff1100f881e7a6.jpg,Fish
494,TEST,gs://bdcc-aal-2022-db/images/1b3170a37d67e648.jpg,Fish
495,TEST,gs://bdcc-aal-2022-db/images/1b96c22c8d8e417f.jpg,Fish
496,TEST,gs://bdcc-aal-2022-db/images/1bcc75f05ef8289b.jpg,Fish
497,TEST,gs://bdcc-aal-2022-db/images/1c22deed66734f8a.jpg,Fish
498,TEST,gs://bdcc-aal-2022-db/images/1cba7f9e1c8ba46c.jpg,Fish
499,TEST,gs://bdcc-aal-2022-db/images/1cbdcb3dfa4da7ee.jpg,Fish
500,TRAIN,gs://bdcc-aal-2022-db/images/00e98b97ea9bfbc1.jpg,Antelope
501,TRAIN,gs://bdcc-aal-2022-db/images/01f4cc5cfa62d24b.jpg,Antelope
502,TRAIN,gs://bdcc-aal-2022-db/images/02007a58fae56aa6.jpg,Antelope
503,TRAIN,gs://bdcc-aal-2022-db/images/0285b398989179c8.jpg,Antelope
504,TRAIN,gs://bdcc-aal-2022-db/images/02fbdccb15dfbec8.jpg,Antelope
505,TRAIN,gs://bdcc-aal-2022-db/images/04df0fefa8c5cb8e.jpg,Antelope
506,TRAIN,gs://bdcc-aal-2022-db/images/056d5deb1682629b.jpg,Antelope
507,TRAIN,gs://bdcc-aal-2022-db/images/0599a3d859f5f44a.jpg,Antelope
508,TRAIN,gs://bdcc-aal-2022-db/images/05eb7e4f64fad5b7.jpg,Antelope
509,TRAIN,gs://bdcc-aal-2022-db/images/05f9b6d5e0124035.jpg,Antelope
510,TRAIN,gs://bdcc-aal-2022-db/images/06b9676c4cd5f96b.jpg,Antelope
511,TRAIN,gs://bdcc-aal-2022-db/images/06d2e0aaccdb8c47.jpg,Antelope
512,TRAIN,gs://bdcc-aal-2022-db/images/0707e4ea85d16e94.jpg,Antelope
513,TRAIN,gs://bdcc-aal-2022-db/images/074bf712403f979a.jpg,Antelope
514,TRAIN,gs://bdcc-aal-2022-db/images/0750aa13589cc582.jpg,Antelope
515,TRAIN,gs://bdcc-aal-2022-db/images/07c2a144aa9e33bf.jpg,Antelope
516,TRAIN,gs://bdcc-aal-2022-db/images/08d4cd01e1b143b0.jpg,Antelope
517,TRAIN,gs://bdcc-aal-2022-db/images/0ae1b09948289105.jpg,Antelope
518,TRAIN,gs://bdcc-aal-2022-db/images/0bd02d42723adee8.jpg,Antelope
519,TRAIN,gs://bdcc-aal-2022-db/images/0e11eaddccffcab5.jpg,Antelope
520,TRAIN,gs://bdcc-aal-2022-db/images/0e283f5098587c37.jpg,Antelope
521,TRAIN,gs://bdcc-aal-2022-db/images/0e3f0b59d2923062.jpg,Antelope
522,TRAIN,gs://bdcc-aal-2022-db/images/0ef2ea3407785fbf.jpg,Antelope
523,TRAIN,gs://bdcc-aal-2022-db/images/1010bb022e9aab9f.jpg,Antelope
524,TRAIN,gs://bdcc-aal-2022-db/images/1283d6e75bfd105c.jpg,Antelope
525,TRAIN,gs://bdcc-aal-2022-db/images/12a9209cfc98dfcb.jpg,Antelope
526,TRAIN,gs://bdcc-aal-2022-db/images/13226f111302a199.jpg,Antelope
527,TRAIN,gs://bdcc-aal-2022-db/images/14211f357d050523.jpg,Antelope
528,TRAIN,gs://bdcc-aal-2022-db/images/1441a635238b3508.jpg,Antelope
529,TRAIN,gs://bdcc-aal-2022-db/images/159f0b8dd61e4cd4.jpg,Antelope
530,TRAIN,gs://bdcc-aal-2022-db/images/15c9a71fc4254aa8.jpg,Antelope
531,TRAIN,gs://bdcc-aal-2022-db/images/164b5bf86a04a993.jpg,Antelope
532,TRAIN,gs://bdcc-aal-2022-db/images/16a47ce33f379f2b.jpg,Antelope
533,TRAIN,gs://bdcc-aal-2022-db/images/16df600fbffffaf5.jpg,Antelope
534,TRAIN,gs://bdcc-aal-2022-db/images/1732c35c867514a3.jpg,Antelope
535,TRAIN,gs://bdcc-aal-2022-db/images/180b2e9e339d9ea5.jpg,Antelope
536,TRAIN,gs://bdcc-aal-2022-db/images/19e619697899c8b5.jpg,Antelope
537,TRAIN,gs://bdcc-aal-2022-db/images/1cc979c995724738.jpg,Antelope
538,TRAIN,gs://bdcc-aal-2022-db/images/1f474b443ec7e1e2.jpg,Antelope
539,TRAIN,gs://bdcc-aal-2022-db/images/2023dccbd068364b.jpg,Antelope
540,TRAIN,gs://bdcc-aal-2022-db/images/22cfc26b35c5a7f0.jpg,Antelope
541,TRAIN,gs://bdcc-aal-2022-db/images/23f5b1bd33f4b6b6.jpg,Antelope
542,TRAIN,gs://bdcc-aal-2022-db/images/2455b8585d5bf0d9.jpg,Antelope
543,TRAIN,gs://bdcc-aal-2022-db/images/24ae456b371e8cd7.jpg,Antelope
544,TRAIN,gs://bdcc-aal-2022-db/images/25255877f6414d18.jpg,Antelope
545,TRAIN,gs://bdcc-aal-2022-db/images/26bcccf479f2d93e.jpg,Antelope
546,TRAIN,gs://bdcc-aal-2022-db/images/2732237e2db1b12e.jpg,Antelope
547,TRAIN,gs://bdcc-aal-2022-db/images/27bc815ec5d0fdcd.jpg,Antelope
548,TRAIN,gs://bdcc-aal-2022-db/images/2947f0ba0babf16b.jpg,Antelope
549,TRAIN,gs://bdcc-aal-2022-db/images/2b4b9c13aa0667f3.jpg,Antelope
550,TRAIN,gs://bdcc-aal-2022-db/images/2c57bb5bd4bc9a94.jpg,Antelope
551,TRAIN,gs://bdcc-aal-2022-db/images/2c7111fb07c12cdd.jpg,Antelope
552,TRAIN,gs://bdcc-aal-2022-db/images/304f3ed8d1321e54.jpg,Antelope
553,TRAIN,gs://bdcc-aal-2022-db/images/30d58f7a4d6f0943.jpg,Antelope
554,TRAIN,gs://bdcc-aal-2022-db/images/31931b6dd2df4674.jpg,Antelope
555,TRAIN,gs://bdcc-aal-2022-db/images/3266212bbdb37e15.jpg,Antelope
556,TRAIN,gs://bdcc-aal-2022-db/images/32d702245b1a55bf.jpg,Antelope
557,TRAIN,gs://bdcc-aal-2022-db/images/32e4ec9c68804437.jpg,Antelope
558,TRAIN,gs://bdcc-aal-2022-db/images/33170329293996cd.jpg,Antelope
559,TRAIN,gs://bdcc-aal-2022-db/images/35237ed36377a07c.jpg,Antelope
560,TRAIN,gs://bdcc-aal-2022-db/images/35d8efd346a7655b.jpg,Antelope
561,TRAIN,gs://bdcc-aal-2022-db/images/3642693b01ec44ac.jpg,Antelope
562,TRAIN,gs://bdcc-aal-2022-db/images/3706a744a92e1951.jpg,Antelope
563,TRAIN,gs://bdcc-aal-2022-db/images/37a50d548ba9fd34.jpg,Antelope
564,TRAIN,gs://bdcc-aal-2022-db/images/382525cb1309730a.jpg,Antelope
565,TRAIN,gs://bdcc-aal-2022-db/images/3845a07d68fee426.jpg,Antelope
566,TRAIN,gs://bdcc-aal-2022-db/images/384c86c0147ceeb2.jpg,Antelope
567,TRAIN,gs://bdcc-aal-2022-db/images/38d05edc4179d939.jpg,Antelope
568,TRAIN,gs://bdcc-aal-2022-db/images/39573a2a20feb8f1.jpg,Antelope
569,TRAIN,gs://bdcc-aal-2022-db/images/3a1b36beb2ee6db0.jpg,Antelope
570,TRAIN,gs://bdcc-aal-2022-db/images/3b45e29fdc4c7350.jpg,Antelope
571,TRAIN,gs://bdcc-aal-2022-db/images/3ba82ffbfae577a2.jpg,Antelope
572,TRAIN,gs://bdcc-aal-2022-db/images/3bac090cc477cf74.jpg,Antelope
573,TRAIN,gs://bdcc-aal-2022-db/images/3c9e31c02199049d.jpg,Antelope
574,TRAIN,gs://bdcc-aal-2022-db/images/3ccbdb60e4baab56.jpg,Antelope
575,TRAIN,gs://bdcc-aal-2022-db/images/3df97fcb497b94c1.jpg,Antelope
576,TRAIN,gs://bdcc-aal-2022-db/images/3e7a54dcfa1d413f.jpg,Antelope
577,TRAIN,gs://bdcc-aal-2022-db/images/415b98a62547bbbb.jpg,Antelope
578,TRAIN,gs://bdcc-aal-2022-db/images/41dd2d7531b5e9c3.jpg,Antelope
579,TRAIN,gs://bdcc-aal-2022-db/images/42938b359039697c.jpg,Antelope
580,VALIDATION,gs://bdcc-aal-2022-db/images/436541dd8bfa9c70.jpg,Antelope
581,VALIDATION,gs://bdcc-aal-2022-db/images/4421a437a7769e1c.jpg,Antelope
582,VALIDATION,gs://bdcc-aal-2022-db/images/45af348489267d1a.jpg,Antelope
583,VALIDATION,gs://bdcc-aal-2022-db/images/4901de647a9edcc6.jpg,Antelope
584,VALIDATION,gs://bdcc-aal-2022-db/images/4c71effe6d86dbaa.jpg,Antelope
585,VALIDATION,gs://bdcc-aal-2022-db/images/4d20cad84cb30e16.jpg,Antelope
586,VALIDATION,gs://bdcc-aal-2022-db/images/4d3aa7c1cd37b885.jpg,Antelope
587,VALIDATION,gs://bdcc-aal-2022-db/images/4d9cc067a8cac70d.jpg,Antelope
588,VALIDATION,gs://bdcc-aal-2022-db/images/4faa591b9b12be4a.jpg,Antelope
589,VALIDATION,gs://bdcc-aal-2022-db/images/4ff9f0b5f553f590.jpg,Antelope
590,TEST,gs://bdcc-aal-2022-db/images/50245aaec179b326.jpg,Antelope
591,TEST,gs://bdcc-aal-2022-db/images/50fbd872fa76107a.jpg,Antelope
592,TEST,gs://bdcc-aal-2022-db/images/51c14491dd8f589c.jpg,Antelope
593,TEST,gs://bdcc-aal-2022-db/images/5220f7ffae6c515f.jpg,Antelope
594,TEST,gs://bdcc-aal-2022-db/images/5225b32b33050be6.jpg,Antelope
595,TEST,gs://bdcc-aal-2022-db/images/52f4935660343e40.jpg,Antelope
596,TEST,gs://bdcc-aal-2022-db/images/52fee32d8aba62b7.jpg,Antelope
597,TEST,gs://bdcc-aal-2022-db/images/5380ce046e3619b4.jpg,Antelope
598,TEST,gs://bdcc-aal-2022-db/images/55c0670af563f64a.jpg,Antelope
599,TEST,gs://bdcc-aal-2022-db/images/562041e1bc3954e2.jpg,Antelope
600,TRAIN,gs://bdcc-aal-2022-db/images/0012a7cf33c6f427.jpg,Deer
601,TRAIN,gs://bdcc-aal-2022-db/images/01f716abef7d48d8.jpg,Deer
602,TRAIN,gs://bdcc-aal-2022-db/images/028a54e267896f86.jpg,Deer
603,TRAIN,gs://bdcc-aal-2022-db/images/034aead27997f437.jpg,Deer
604,TRAIN,gs://bdcc-aal-2022-db/images/038ee0d33098df37.jpg,Deer
605,TRAIN,gs://bdcc-aal-2022-db/images/0a21d120f742b1b9.jpg,Deer
606,TRAIN,gs://bdcc-aal-2022-db/images/0aca09fcae7d6e3a.jpg,Deer
607,TRAIN,gs://bdcc-aal-2022-db/images/0f518c3f48d1d87d.jpg,Deer
608,TRAIN,gs://bdcc-aal-2022-db/images/12e362a481f36ae8.jpg,Deer
609,TRAIN,gs://bdcc-aal-2022-db/images/12eb63614ce289c8.jpg,Deer
610,TRAIN,gs://bdcc-aal-2022-db/images/13a20ad01d6fe88a.jpg,Deer
611,TRAIN,gs://bdcc-aal-2022-db/images/181a0ee39a0c9a78.jpg,Deer
612,TRAIN,gs://bdcc-aal-2022-db/images/1cf88c1fe98d9876.jpg,Deer
613,TRAIN,gs://bdcc-aal-2022-db/images/1efde74ff07fbbc7.jpg,Deer
614,TRAIN,gs://bdcc-aal-2022-db/images/243c050445de9211.jpg,Deer
615,TRAIN,gs://bdcc-aal-2022-db/images/27f82f25862fc893.jpg,Deer
616,TRAIN,gs://bdcc-aal-2022-db/images/2a43729d236705a9.jpg,Deer
617,TRAIN,gs://bdcc-aal-2022-db/images/2ae5575f39119c7d.jpg,Deer
618,TRAIN,gs://bdcc-aal-2022-db/images/2ca535b72d95a2a0.jpg,Deer
619,TRAIN,gs://bdcc-aal-2022-db/images/2cfa96e7470090d2.jpg,Deer
620,TRAIN,gs://bdcc-aal-2022-db/images/31b0f5a1250b0125.jpg,Deer
621,TRAIN,gs://bdcc-aal-2022-db/images/31d2f5f31a8437d8.jpg,Deer
622,TRAIN,gs://bdcc-aal-2022-db/images/336702fb2c1cae40.jpg,Deer
623,TRAIN,gs://bdcc-aal-2022-db/images/337493e0c3c50851.jpg,Deer
624,TRAIN,gs://bdcc-aal-2022-db/images/36d5bfaa959605f9.jpg,Deer
625,TRAIN,gs://bdcc-aal-2022-db/images/36dd17cc2ed734da.jpg,Deer
626,TRAIN,gs://bdcc-aal-2022-db/images/3792f6b8e2404f21.jpg,Deer
627,TRAIN,gs://bdcc-aal-2022-db/images/37c12f23d4c2e39e.jpg,Deer
628,TRAIN,gs://bdcc-aal-2022-db/images/392dd1a23ae5e647.jpg,Deer
629,TRAIN,gs://bdcc-aal-2022-db/images/3a8c775146aa69d2.jpg,Deer
630,TRAIN,gs://bdcc-aal-2022-db/images/3ee762433e1b04c7.jpg,Deer
631,TRAIN,gs://bdcc-aal-2022-db/images/3f02ecf7bd884f07.jpg,Deer
632,TRAIN,gs://bdcc-aal-2022-db/images/43bfef2d2f3e7b33.jpg,Deer
633,TRAIN,gs://bdcc-aal-2022-db/images/442bb854d61592a7.jpg,Deer
634,TRAIN,gs://bdcc-aal-2022-db/images/47eca01fec38cd9a.jpg,Deer
635,TRAIN,gs://bdcc-aal-2022-db/images/48cf0a097ce330dc.jpg,Deer
636,TRAIN,gs://bdcc-aal-2022-db/images/4908c03eabfb5a87.jpg,Deer
637,TRAIN,gs://bdcc-aal-2022-db/images/4955a59208c2ff11.jpg,Deer
638,TRAIN,gs://bdcc-aal-2022-db/images/498ec7d07f110bec.jpg,Deer
639,TRAIN,gs://bdcc-aal-2022-db/images/4a51f8dd244cd303.jpg,Deer
640,TRAIN,gs://bdcc-aal-2022-db/images/4a6f6fab3d4bc3f7.jpg,Deer
641,TRAIN,gs://bdcc-aal-2022-db/images/4d9d873f1d080e6a.jpg,Deer
642,TRAIN,gs://bdcc-aal-2022-db/images/52836f3905272c29.jpg,Deer
643,TRAIN,gs://bdcc-aal-2022-db/images/54fd0a4958cbc9f8.jpg,Deer
644,TRAIN,gs://bdcc-aal-2022-db/images/55918c58dcb8cd1b.jpg,Deer
645,TRAIN,gs://bdcc-aal-2022-db/images/575c2d8285951d39.jpg,Deer
646,TRAIN,gs://bdcc-aal-2022-db/images/5806672761e3a840.jpg,Deer
647,TRAIN,gs://bdcc-aal-2022-db/images/596bb1c22329af50.jpg,Deer
648,TRAIN,gs://bdcc-aal-2022-db/images/5a039f9a4b857dca.jpg,Deer
649,TRAIN,gs://bdcc-aal-2022-db/images/5a4b92dc3ff7bdf0.jpg,Deer
650,TRAIN,gs://bdcc-aal-2022-db/images/5b0f31f4ad6ec73a.jpg,Deer
651,TRAIN,gs://bdcc-aal-2022-db/images/5b5f00121eee9ede.jpg,Deer
652,TRAIN,gs://bdcc-aal-2022-db/images/5b8cbad509d2545f.jpg,Deer
653,TRAIN,gs://bdcc-aal-2022-db/images/5bebc7c1a8067ff0.jpg,Deer
654,TRAIN,gs://bdcc-aal-2022-db/images/5d20e4852612dc04.jpg,Deer
655,TRAIN,gs://bdcc-aal-2022-db/images/5dc92b731d598543.jpg,Deer
656,TRAIN,gs://bdcc-aal-2022-db/images/5e0ee176e8cff08a.jpg,Deer
657,TRAIN,gs://bdcc-aal-2022-db/images/5e597a94068bab6b.jpg,Deer
658,TRAIN,gs://bdcc-aal-2022-db/images/5f09d936ad31c033.jpg,Deer
659,TRAIN,gs://bdcc-aal-2022-db/images/61a36fc12779b82f.jpg,Deer
660,TRAIN,gs://bdcc-aal-2022-db/images/6256ba0011318ab9.jpg,Deer
661,TRAIN,gs://bdcc-aal-2022-db/images/6431d2d7d77fccfe.jpg,Deer
662,TRAIN,gs://bdcc-aal-2022-db/images/6578d0d608cd727b.jpg,Deer
663,TRAIN,gs://bdcc-aal-2022-db/images/65908c420fbe425b.jpg,Deer
664,TRAIN,gs://bdcc-aal-2022-db/images/65e6961ee0b0fe0d.jpg,Deer
665,TRAIN,gs://bdcc-aal-2022-db/images/66374c55b2d469ae.jpg,Deer
666,TRAIN,gs://bdcc-aal-2022-db/images/67fc0102dfa1de8e.jpg,Deer
667,TRAIN,gs://bdcc-aal-2022-db/images/6822e543aeb43db8.jpg,Deer
668,TRAIN,gs://bdcc-aal-2022-db/images/6b924071972ea76f.jpg,Deer
669,TRAIN,gs://bdcc-aal-2022-db/images/6c96edbec39a2840.jpg,Deer
670,TRAIN,gs://bdcc-aal-2022-db/images/6d35768563661703.jpg,Deer
671,TRAIN,gs://bdcc-aal-2022-db/images/6db1af4c4d94aa1f.jpg,Deer
672,TRAIN,gs://bdcc-aal-2022-db/images/6ef20d09b3cfff60.jpg,Deer
673,TRAIN,gs://bdcc-aal-2022-db/images/6fbade8abbd91778.jpg,Deer
674,TRAIN,gs://bdcc-aal-2022-db/images/70390090cc6aee0b.jpg,Deer
675,TRAIN,gs://bdcc-aal-2022-db/images/71bd2652a4100c27.jpg,Deer
676,TRAIN,gs://bdcc-aal-2022-db/images/71c05c33211b1416.jpg,Deer
677,TRAIN,gs://bdcc-aal-2022-db/images/7225c5ecfacb89e8.jpg,Deer
678,TRAIN,gs://bdcc-aal-2022-db/images/72ccdad1db761d19.jpg,Deer
679,TRAIN,gs://bdcc-aal-2022-db/images/7304a390ccfa7013.jpg,Deer
680,VALIDATION,gs://bdcc-aal-2022-db/images/73ce17ddf3e362ff.jpg,Deer
681,VALIDATION,gs://bdcc-aal-2022-db/images/756b8fa3933bcd6a.jpg,Deer
682,VALIDATION,gs://bdcc-aal-2022-db/images/763ae04fc896e7e4.jpg,Deer
683,VALIDATION,gs://bdcc-aal-2022-db/images/766f6f9bb71a4d75.jpg,Deer
684,VALIDATION,gs://bdcc-aal-2022-db/images/7779d8c1651d7818.jpg,Deer
685,VALIDATION,gs://bdcc-aal-2022-db/images/788d8ef42e204654.jpg,Deer
686,VALIDATION,gs://bdcc-aal-2022-db/images/78bc277af198725e.jpg,Deer
687,VALIDATION,gs://bdcc-aal-2022-db/images/790d577e86472468.jpg,Deer
688,VALIDATION,gs://bdcc-aal-2022-db/images/795c6f26cc71b625.jpg,Deer
689,VALIDATION,gs://bdcc-aal-2022-db/images/7a469085395ff0ea.jpg,Deer
690,TEST,gs://bdcc-aal-2022-db/images/7af8f80ac971b0c8.jpg,Deer
691,TEST,gs://bdcc-aal-2022-db/images/7bd23f712f3b50eb.jpg,Deer
692,TEST,gs://bdcc-aal-2022-db/images/7c9c6198e937150a.jpg,Deer
693,TEST,gs://bdcc-aal-2022-db/images/7d5eeafbdac5e549.jpg,Deer
694,TEST,gs://bdcc-aal-2022-db/images/7d8db5ea59d8d5a7.jpg,Deer
695,TEST,gs://bdcc-aal-2022-db/images/7dcdc12fdf281ac5.jpg,Deer
696,TEST,gs://bdcc-aal-2022-db/images/7e4f3f30c4a81edd.jpg,Deer
697,TEST,gs://bdcc-aal-2022-db/images/7e7c478ee979f3c2.jpg,Deer
698,TEST,gs://bdcc-aal-2022-db/images/7ea8358743c2ec01.jpg,Deer
699,TEST,gs://bdcc-aal-2022-db/images/7ed74de008722466.jpg,Deer
700,TRAIN,gs://bdcc-aal-2022-db/images/009b9d9957155405.jpg,Lizard
701,TRAIN,gs://bdcc-aal-2022-db/images/01f4905ec765dca8.jpg,Lizard
702,TRAIN,gs://bdcc-aal-2022-db/images/021b038e2fb6da93.jpg,Lizard
703,TRAIN,gs://bdcc-aal-2022-db/images/028ce14d18fe5571.jpg,Lizard
704,TRAIN,gs://bdcc-aal-2022-db/images/03370058aa1d1ced.jpg,Lizard
705,TRAIN,gs://bdcc-aal-2022-db/images/043d8fd4001ffca9.jpg,Lizard
706,TRAIN,gs://bdcc-aal-2022-db/images/0446927cb5f3e6fd.jpg,Lizard
707,TRAIN,gs://bdcc-aal-2022-db/images/06a6ce6ec5b2724b.jpg,Lizard
708,TRAIN,gs://bdcc-aal-2022-db/images/06adb7e02e058a2e.jpg,Lizard
709,TRAIN,gs://bdcc-aal-2022-db/images/075a41768b55fc6d.jpg,Lizard
710,TRAIN,gs://bdcc-aal-2022-db/images/07b38472c737cfd0.jpg,Lizard
711,TRAIN,gs://bdcc-aal-2022-db/images/08190d15e1d6d695.jpg,Lizard
712,TRAIN,gs://bdcc-aal-2022-db/images/08dc0de88f95ccfc.jpg,Lizard
713,TRAIN,gs://bdcc-aal-2022-db/images/09d068cb1caded1d.jpg,Lizard
714,TRAIN,gs://bdcc-aal-2022-db/images/0a38dff25243cb94.jpg,Lizard
715,TRAIN,gs://bdcc-aal-2022-db/images/0a81990b49b6d7b6.jpg,Lizard
716,TRAIN,gs://bdcc-aal-2022-db/images/0b7a27de22397643.jpg,Lizard
717,TRAIN,gs://bdcc-aal-2022-db/images/0bdb7bdd6ca4f983.jpg,Lizard
718,TRAIN,gs://bdcc-aal-2022-db/images/0cb2bf13a8219a02.jpg,Lizard
719,TRAIN,gs://bdcc-aal-2022-db/images/0d9ebb4a5b2b4429.jpg,Lizard
720,TRAIN,gs://bdcc-aal-2022-db/images/0ddc1e6cc5addd67.jpg,Lizard
721,TRAIN,gs://bdcc-aal-2022-db/images/0df00916435c3a47.jpg,Lizard
722,TRAIN,gs://bdcc-aal-2022-db/images/0fadee7155199581.jpg,Lizard
723,TRAIN,gs://bdcc-aal-2022-db/images/110cd2400b7d13d7.jpg,Lizard
724,TRAIN,gs://bdcc-aal-2022-db/images/13913a1010a38f30.jpg,Lizard
725,TRAIN,gs://bdcc-aal-2022-db/images/1461593063b5631d.jpg,Lizard
726,TRAIN,gs://bdcc-aal-2022-db/images/14793250e31867f3.jpg,Lizard
727,TRAIN,gs://bdcc-aal-2022-db/images/147941e15f0b3d14.jpg,Lizard
728,TRAIN,gs://bdcc-aal-2022-db/images/149a8d56fc1bc9ed.jpg,Lizard
729,TRAIN,gs://bdcc-aal-2022-db/images/1571768f086b1eea.jpg,Lizard
730,TRAIN,gs://bdcc-aal-2022-db/images/15b9363e46d70584.jpg,Lizard
731,TRAIN,gs://bdcc-aal-2022-db/images/1632c4f5e5663616.jpg,Lizard
732,TRAIN,gs://bdcc-aal-2022-db/images/1739f0bad537e75c.jpg,Lizard
733,TRAIN,gs://bdcc-aal-2022-db/images/175f7a7f62803a1a.jpg,Lizard
734,TRAIN,gs://bdcc-aal-2022-db/images/1788ac55f96cebb2.jpg,Lizard
735,TRAIN,gs://bdcc-aal-2022-db/images/17a5b99be5ae9bf0.jpg,Lizard
736,TRAIN,gs://bdcc-aal-2022-db/images/17d602988ee3a631.jpg,Lizard
737,TRAIN,gs://bdcc-aal-2022-db/images/17efc002c49c6da1.jpg,Lizard
738,TRAIN,gs://bdcc-aal-2022-db/images/18edfd2eff60217a.jpg,Lizard
739,TRAIN,gs://bdcc-aal-2022-db/images/19387757d5d7d04b.jpg,Lizard
740,TRAIN,gs://bdcc-aal-2022-db/images/196489de46bc6431.jpg,Lizard
741,TRAIN,gs://bdcc-aal-2022-db/images/1bc85ab5c8284cc2.jpg,Lizard
742,TRAIN,gs://bdcc-aal-2022-db/images/1bf0a18dbf3408a8.jpg,Lizard
743,TRAIN,gs://bdcc-aal-2022-db/images/1dcf37ffd5ec1842.jpg,Lizard
744,TRAIN,gs://bdcc-aal-2022-db/images/1e5d358ae59daf2b.jpg,Lizard
745,TRAIN,gs://bdcc-aal-2022-db/images/1e6bc8bd4e4b6dc0.jpg,Lizard
746,TRAIN,gs://bdcc-aal-2022-db/images/1ebc7d046286b3d1.jpg,Lizard
747,TRAIN,gs://bdcc-aal-2022-db/images/1fbdcfcb723efb54.jpg,Lizard
748,TRAIN,gs://bdcc-aal-2022-db/images/20e6b6077a95a36a.jpg,Lizard
749,TRAIN,gs://bdcc-aal-2022-db/images/22968740ea849809.jpg,Lizard
750,TRAIN,gs://bdcc-aal-2022-db/images/239ab11a1cfe19a4.jpg,Lizard
751,TRAIN,gs://bdcc-aal-2022-db/images/2411fc04e8df6a11.jpg,Lizard
752,TRAIN,gs://bdcc-aal-2022-db/images/241e352973d2a8bf.jpg,Lizard
753,TRAIN,gs://bdcc-aal-2022-db/images/25b0f7419320a4d2.jpg,Lizard
754,TRAIN,gs://bdcc-aal-2022-db/images/266356c78c3e2197.jpg,Lizard
755,TRAIN,gs://bdcc-aal-2022-db/images/27c9cc113b4af4a8.jpg,Lizard
756,TRAIN,gs://bdcc-aal-2022-db/images/280876b5da4c2421.jpg,Lizard
757,TRAIN,gs://bdcc-aal-2022-db/images/28bc96627be030ff.jpg,Lizard
758,TRAIN,gs://bdcc-aal-2022-db/images/2926bb88e30fbda2.jpg,Lizard
759,TRAIN,gs://bdcc-aal-2022-db/images/2965824a31666a7e.jpg,Lizard
760,TRAIN,gs://bdcc-aal-2022-db/images/2b4c16d3405ad16a.jpg,Lizard
761,TRAIN,gs://bdcc-aal-2022-db/images/2c978b1912a52880.jpg,Lizard
762,TRAIN,gs://bdcc-aal-2022-db/images/2d9b30dbbd1d45a1.jpg,Lizard
763,TRAIN,gs://bdcc-aal-2022-db/images/304dd64012197b39.jpg,Lizard
764,TRAIN,gs://bdcc-aal-2022-db/images/3222245684f73207.jpg,Lizard
765,TRAIN,gs://bdcc-aal-2022-db/images/3229b81b2193d069.jpg,Lizard
766,TRAIN,gs://bdcc-aal-2022-db/images/327a3b672986f047.jpg,Lizard
767,TRAIN,gs://bdcc-aal-2022-db/images/33898ee208035f68.jpg,Lizard
768,TRAIN,gs://bdcc-aal-2022-db/images/339af7ca084783b7.jpg,Lizard
769,TRAIN,gs://bdcc-aal-2022-db/images/344fc03e1615b1cb.jpg,Lizard
770,TRAIN,gs://bdcc-aal-2022-db/images/34c111a3e3d029d9.jpg,Lizard
771,TRAIN,gs://bdcc-aal-2022-db/images/359072742b2fcad5.jpg,Lizard
772,TRAIN,gs://bdcc-aal-2022-db/images/379c65a65747e8d4.jpg,Lizard
773,TRAIN,gs://bdcc-aal-2022-db/images/37bb0af19ffec5c7.jpg,Lizard
774,TRAIN,gs://bdcc-aal-2022-db/images/3806811367ff68d6.jpg,Lizard
775,TRAIN,gs://bdcc-aal-2022-db/images/3882d04d74843f37.jpg,Lizard
776,TRAIN,gs://bdcc-aal-2022-db/images/3b3006dc6f72f9dc.jpg,Lizard
777,TRAIN,gs://bdcc-aal-2022-db/images/3b690f63e74cb161.jpg,Lizard
778,TRAIN,gs://bdcc-aal-2022-db/images/3d3b2a05e766be9f.jpg,Lizard
779,TRAIN,gs://bdcc-aal-2022-db/images/3d617d0415a96590.jpg,Lizard
780,VALIDATION,gs://bdcc-aal-2022-db/images/3e357afa071ee4db.jpg,Lizard
781,VALIDATION,gs://bdcc-aal-2022-db/images/4139655932505e0a.jpg,Lizard
782,VALIDATION,gs://bdcc-aal-2022-db/images/422617861cbade39.jpg,Lizard
783,VALIDATION,gs://bdcc-aal-2022-db/images/42936873d7e8ebd9.jpg,Lizard
784,VALIDATION,gs://bdcc-aal-2022-db/images/429724a29c51f9f8.jpg,Lizard
785,VALIDATION,gs://bdcc-aal-2022-db/images/42b9bfa409ce6ed5.jpg,Lizard
786,VALIDATION,gs://bdcc-aal-2022-db/images/432629394d40e315.jpg,Lizard
787,VALIDATION,gs://bdcc-aal-2022-db/images/440103fce5d95f00.jpg,Lizard
788,VALIDATION,gs://bdcc-aal-2022-db/images/4468b40b69625dce.jpg,Lizard
789,VALIDATION,gs://bdcc-aal-2022-db/images/47559f521a8910fa.jpg,Lizard
790,TEST,gs://bdcc-aal-2022-db/images/47b4288c1e5a6bcf.jpg,Lizard
791,TEST,gs://bdcc-aal-2022-db/images/48ae0ba2c55f2b1c.jpg,Lizard
792,TEST,gs://bdcc-aal-2022-db/images/48e1af119f878356.jpg,Lizard
793,TEST,gs://bdcc-aal-2022-db/images/4a2e5077e8551fbe.jpg,Lizard
794,TEST,gs://bdcc-aal-2022-db/images/4b9cd6e94f5e9bb5.jpg,Lizard
795,TEST,gs://bdcc-aal-2022-db/images/4bf5ff26d5b8cef3.jpg,Lizard
796,TEST,gs://bdcc-aal-2022-db/images/4c1ff90dea31e9d7.jpg,Lizard
797,TEST,gs://bdcc-aal-2022-db/images/4c2f2d788d43f1cf.jpg,Lizard
798,TEST,gs://bdcc-aal-2022-db/images/4c42b5948b15922b.jpg,Lizard
799,TEST,gs://bdcc-aal-2022-db/images/4ce5b5974ec869f8.jpg,Lizard
800,TRAIN,gs://bdcc-aal-2022-db/images/00c64e1acd3a586b.jpg,Snake
801,TRAIN,gs://bdcc-aal-2022-db/images/01ca1add8d9f3338.jpg,Snake
802,TRAIN,gs://bdcc-aal-2022-db/images/05345cabb6a8c12f.jpg,Snake
803,TRAIN,gs://bdcc-aal-2022-db/images/06dbd3f4f59bd495.jpg,Snake
804,TRAIN,gs://bdcc-aal-2022-db/images/08be1b157f5982f9.jpg,Snake
805,TRAIN,gs://bdcc-aal-2022-db/images/0ac0323383dd6611.jpg,Snake
806,TRAIN,gs://bdcc-aal-2022-db/images/0ae2888ec25ba342.jpg,Snake
807,TRAIN,gs://bdcc-aal-2022-db/images/0bb61915282231e2.jpg,Snake
808,TRAIN,gs://bdcc-aal-2022-db/images/0c2a57b94489ddcd.jpg,Snake
809,TRAIN,gs://bdcc-aal-2022-db/images/0c3e0316409f1565.jpg,Snake
810,TRAIN,gs://bdcc-aal-2022-db/images/0d02fff427c106f7.jpg,Snake
811,TRAIN,gs://bdcc-aal-2022-db/images/0d2c5b1589550b25.jpg,Snake
812,TRAIN,gs://bdcc-aal-2022-db/images/0d95de414d78b220.jpg,Snake
813,TRAIN,gs://bdcc-aal-2022-db/images/0e707f5205a18253.jpg,Snake
814,TRAIN,gs://bdcc-aal-2022-db/images/0ef30cd6bbf348fc.jpg,Snake
815,TRAIN,gs://bdcc-aal-2022-db/images/1144357227d92d7a.jpg,Snake
816,TRAIN,gs://bdcc-aal-2022-db/images/13aaf4003bdfa89d.jpg,Snake
817,TRAIN,gs://bdcc-aal-2022-db/images/13cac3caeb8915d8.jpg,Snake
818,TRAIN,gs://bdcc-aal-2022-db/images/162f5cd16f96c478.jpg,Snake
819,TRAIN,gs://bdcc-aal-2022-db/images/1703fd7cba20c956.jpg,Snake
820,TRAIN,gs://bdcc-aal-2022-db/images/17313d091d17976a.jpg,Snake
821,TRAIN,gs://bdcc-aal-2022-db/images/17c0feb1d5a00d1a.jpg,Snake
822,TRAIN,gs://bdcc-aal-2022-db/images/18094636c2d7542c.jpg,Snake
823,TRAIN,gs://bdcc-aal-2022-db/images/1823321103dde8fc.jpg,Snake
824,TRAIN,gs://bdcc-aal-2022-db/images/1a744d32b746c848.jpg,Snake
825,TRAIN,gs://bdcc-aal-2022-db/images/1b642ac517ab10b5.jpg,Snake
826,TRAIN,gs://bdcc-aal-2022-db/images/1c48e607b2107a3c.jpg,Snake
827,TRAIN,gs://bdcc-aal-2022-db/images/1c6b578ed548a788.jpg,Snake
828,TRAIN,gs://bdcc-aal-2022-db/images/1ee3066a476fb619.jpg,Snake
829,TRAIN,gs://bdcc-aal-2022-db/images/203e207615af212f.jpg,Snake
830,TRAIN,gs://bdcc-aal-2022-db/images/2337210fa8b0397e.jpg,Snake
831,TRAIN,gs://bdcc-aal-2022-db/images/2472a5a2b30f68ac.jpg,Snake
832,TRAIN,gs://bdcc-aal-2022-db/images/24bacf68bd8feb11.jpg,Snake
833,TRAIN,gs://bdcc-aal-2022-db/images/25cfe36c5346410a.jpg,Snake
834,TRAIN,gs://bdcc-aal-2022-db/images/268ffc5aa4a17a4f.jpg,Snake
835,TRAIN,gs://bdcc-aal-2022-db/images/272b78187d758d0e.jpg,Snake
836,TRAIN,gs://bdcc-aal-2022-db/images/289ae09e2fea0a09.jpg,Snake
837,TRAIN,gs://bdcc-aal-2022-db/images/292d44781f122ca0.jpg,Snake
838,TRAIN,gs://bdcc-aal-2022-db/images/296cd91a10d4fa12.jpg,Snake
839,TRAIN,gs://bdcc-aal-2022-db/images/29ab07bcabb98c99.jpg,Snake
840,TRAIN,gs://bdcc-aal-2022-db/images/2bccc1f7aeb5ca92.jpg,Snake
841,TRAIN,gs://bdcc-aal-2022-db/images/2d1f194ffe483ab1.jpg,Snake
842,TRAIN,gs://bdcc-aal-2022-db/images/2d394caf550b8c75.jpg,Snake
843,TRAIN,gs://bdcc-aal-2022-db/images/2db13583339ce2b5.jpg,Snake
844,TRAIN,gs://bdcc-aal-2022-db/images/2ed662b4d320061a.jpg,Snake
845,TRAIN,gs://bdcc-aal-2022-db/images/2fbb321b6f378149.jpg,Snake
846,TRAIN,gs://bdcc-aal-2022-db/images/2fc1ca3d9751c048.jpg,Snake
847,TRAIN,gs://bdcc-aal-2022-db/images/302dcc08947e8b09.jpg,Snake
848,TRAIN,gs://bdcc-aal-2022-db/images/303ec2ee922365b6.jpg,Snake
849,TRAIN,gs://bdcc-aal-2022-db/images/305399814fc5ddb0.jpg,Snake
850,TRAIN,gs://bdcc-aal-2022-db/images/314e9085c3ff5613.jpg,Snake
851,TRAIN,gs://bdcc-aal-2022-db/images/31c291da11976123.jpg,Snake
852,TRAIN,gs://bdcc-aal-2022-db/images/335ac4b48d0bd74b.jpg,Snake
853,TRAIN,gs://bdcc-aal-2022-db/images/368e26b0a14adc0e.jpg,Snake
854,TRAIN,gs://bdcc-aal-2022-db/images/3692da33dbc79bfc.jpg,Snake
855,TRAIN,gs://bdcc-aal-2022-db/images/36ea3a8b9c54f9de.jpg,Snake
856,TRAIN,gs://bdcc-aal-2022-db/images/376fbc2b28733a1d.jpg,Snake
857,TRAIN,gs://bdcc-aal-2022-db/images/37c98b8409ef5ee6.jpg,Snake
858,TRAIN,gs://bdcc-aal-2022-db/images/39224d0d713cb866.jpg,Snake
859,TRAIN,gs://bdcc-aal-2022-db/images/392ab53d5dca470a.jpg,Snake
860,TRAIN,gs://bdcc-aal-2022-db/images/3956f5061d00d80d.jpg,Snake
861,TRAIN,gs://bdcc-aal-2022-db/images/3a6a0368ccfbcc53.jpg,Snake
862,TRAIN,gs://bdcc-aal-2022-db/images/3b727441da9834b4.jpg,Snake
863,TRAIN,gs://bdcc-aal-2022-db/images/3b85e1c7a7320c1d.jpg,Snake
864,TRAIN,gs://bdcc-aal-2022-db/images/3c8fa3b5e2e8bb02.jpg,Snake
865,TRAIN,gs://bdcc-aal-2022-db/images/3d0700a5632a9f39.jpg,Snake
866,TRAIN,gs://bdcc-aal-2022-db/images/3dc319b793a0d43d.jpg,Snake
867,TRAIN,gs://bdcc-aal-2022-db/images/3ee1b0da78f43975.jpg,Snake
868,TRAIN,gs://bdcc-aal-2022-db/images/3f2283b1beb6ca60.jpg,Snake
869,TRAIN,gs://bdcc-aal-2022-db/images/401805c63cb32ba3.jpg,Snake
870,TRAIN,gs://bdcc-aal-2022-db/images/40189859e760fe3a.jpg,Snake
871,TRAIN,gs://bdcc-aal-2022-db/images/40addd98fa8e6f39.jpg,Snake
872,TRAIN,gs://bdcc-aal-2022-db/images/4321acb8be83308e.jpg,Snake
873,TRAIN,gs://bdcc-aal-2022-db/images/432218a6182f5111.jpg,Snake
874,TRAIN,gs://bdcc-aal-2022-db/images/43b2197799a1d59f.jpg,Snake
875,TRAIN,gs://bdcc-aal-2022-db/images/44a4eed65a52d6d6.jpg,Snake
876,TRAIN,gs://bdcc-aal-2022-db/images/44b1676d0b6105ed.jpg,Snake
877,TRAIN,gs://bdcc-aal-2022-db/images/46e99093b5a6822b.jpg,Snake
878,TRAIN,gs://bdcc-aal-2022-db/images/4807e90086dee505.jpg,Snake
879,TRAIN,gs://bdcc-aal-2022-db/images/492590504c89b42f.jpg,Snake
880,VALIDATION,gs://bdcc-aal-2022-db/images/4952ab6b41b2816b.jpg,Snake
881,VALIDATION,gs://bdcc-aal-2022-db/images/4a7f3005309767dc.jpg,Snake
882,VALIDATION,gs://bdcc-aal-2022-db/images/4aa4866a2b469896.jpg,Snake
883,VALIDATION,gs://bdcc-aal-2022-db/images/502387522ac5e34c.jpg,Snake
884,VALIDATION,gs://bdcc-aal-2022-db/images/504467ea0029d820.jpg,Snake
885,VALIDATION,gs://bdcc-aal-2022-db/images/529f8f87a44f4136.jpg,Snake
886,VALIDATION,gs://bdcc-aal-2022-db/images/531ab3c0a13ceaa8.jpg,Snake
887,VALIDATION,gs://bdcc-aal-2022-db/images/54c8bed6b0b0af23.jpg,Snake
888,VALIDATION,gs://bdcc-aal-2022-db/images/57369851c89db0bc.jpg,Snake
889,VALIDATION,gs://bdcc-aal-2022-db/images/5751876d0222ff02.jpg,Snake
890,TEST,gs://bdcc-aal-2022-db/images/577638569201b670.jpg,Snake
891,TEST,gs://bdcc-aal-2022-db/images/57d8e4a298725869.jpg,Snake
892,TEST,gs://bdcc-aal-2022-db/images/58abb67ba32052bf.jpg,Snake
893,TEST,gs://bdcc-aal-2022-db/images/58fad8ae668b466b.jpg,Snake
894,TEST,gs://bdcc-aal-2022-db/images/5914ac34174e2d58.jpg,Snake
895,TEST,gs://bdcc-aal-2022-db/images/5932a24e197e1cb8.jpg,Snake
896,TEST,gs://bdcc-aal-2022-db/images/59555443eed28bf2.jpg,Snake
897,TEST,gs://bdcc-aal-2022-db/images/5a46a8c6bc4847e0.jpg,Snake
898,TEST,gs://bdcc-aal-2022-db/images/5aa61973bd62d025.jpg,Snake
899,TEST,gs://bdcc-aal-2022-db/images/5c43cf63624d7e81.jpg,Snake
900,TRAIN,gs://bdcc-aal-2022-db/images/000cf5859025877f.jpg,Spider
901,TRAIN,gs://bdcc-aal-2022-db/images/003cc40208f5abff.jpg,Spider
902,TRAIN,gs://bdcc-aal-2022-db/images/013908ead6313e68.jpg,Spider
903,TRAIN,gs://bdcc-aal-2022-db/images/0147886b3a949343.jpg,Spider
904,TRAIN,gs://bdcc-aal-2022-db/images/03151c1cc6a6d7e1.jpg,Spider
905,TRAIN,gs://bdcc-aal-2022-db/images/038a86cdd8b09dcd.jpg,Spider
906,TRAIN,gs://bdcc-aal-2022-db/images/048d6043d659b0de.jpg,Spider
907,TRAIN,gs://bdcc-aal-2022-db/images/0492b18d44d6680a.jpg,Spider
908,TRAIN,gs://bdcc-aal-2022-db/images/06665644cdd87b03.jpg,Spider
909,TRAIN,gs://bdcc-aal-2022-db/images/06f1d75cc0f21a20.jpg,Spider
910,TRAIN,gs://bdcc-aal-2022-db/images/075a1c04ffd19dae.jpg,Spider
911,TRAIN,gs://bdcc-aal-2022-db/images/0808bb2b3a4c4806.jpg,Spider
912,TRAIN,gs://bdcc-aal-2022-db/images/0864945094f5e6f2.jpg,Spider
913,TRAIN,gs://bdcc-aal-2022-db/images/08dccefc47c0b41d.jpg,Spider
914,TRAIN,gs://bdcc-aal-2022-db/images/092d1fcb6f2cca69.jpg,Spider
915,TRAIN,gs://bdcc-aal-2022-db/images/09f1acedd7de21fe.jpg,Spider
916,TRAIN,gs://bdcc-aal-2022-db/images/0a6c82232d2ca916.jpg,Spider
917,TRAIN,gs://bdcc-aal-2022-db/images/0a7ca7a959a8d536.jpg,Spider
918,TRAIN,gs://bdcc-aal-2022-db/images/0aeec418f212ef2c.jpg,Spider
919,TRAIN,gs://bdcc-aal-2022-db/images/0b2f80825b40c10a.jpg,Spider
920,TRAIN,gs://bdcc-aal-2022-db/images/0d801a3887bb3ed7.jpg,Spider
921,TRAIN,gs://bdcc-aal-2022-db/images/0d9bfd132c9713ef.jpg,Spider
922,TRAIN,gs://bdcc-aal-2022-db/images/0dd9ad8ad6ea549c.jpg,Spider
923,TRAIN,gs://bdcc-aal-2022-db/images/0f10ae6fe314c2dd.jpg,Spider
924,TRAIN,gs://bdcc-aal-2022-db/images/10ae438e597928f6.jpg,Spider
925,TRAIN,gs://bdcc-aal-2022-db/images/1359ef05ec5f96de.jpg,Spider
926,TRAIN,gs://bdcc-aal-2022-db/images/15216c464ecedf1a.jpg,Spider
927,TRAIN,gs://bdcc-aal-2022-db/images/1604b7e11612b4b0.jpg,Spider
928,TRAIN,gs://bdcc-aal-2022-db/images/1a5f9439263855d9.jpg,Spider
929,TRAIN,gs://bdcc-aal-2022-db/images/1b4cac62cc5a978f.jpg,Spider
930,TRAIN,gs://bdcc-aal-2022-db/images/1ce08f347f58bd3d.jpg,Spider
931,TRAIN,gs://bdcc-aal-2022-db/images/1d159178f4866bb4.jpg,Spider
932,TRAIN,gs://bdcc-aal-2022-db/images/1f6afc26ef5413c5.jpg,Spider
933,TRAIN,gs://bdcc-aal-2022-db/images/1f8487ef4e7934c0.jpg,Spider
934,TRAIN,gs://bdcc-aal-2022-db/images/209a7414a3eff0ad.jpg,Spider
935,TRAIN,gs://bdcc-aal-2022-db/images/2389878e316820e7.jpg,Spider
936,TRAIN,gs://bdcc-aal-2022-db/images/2522ff0b989e2011.jpg,Spider
937,TRAIN,gs://bdcc-aal-2022-db/images/26eef7291d4ecc3f.jpg,Spider
938,TRAIN,gs://bdcc-aal-2022-db/images/27d58a52d226cbde.jpg,Spider
939,TRAIN,gs://bdcc-aal-2022-db/images/293a9a08e3647a22.jpg,Spider
940,TRAIN,gs://bdcc-aal-2022-db/images/2a056b7f83a8a995.jpg,Spider
941,TRAIN,gs://bdcc-aal-2022-db/images/2ac84de82ec38128.jpg,Spider
942,TRAIN,gs://bdcc-aal-2022-db/images/2c8fca931f78ae4c.jpg,Spider
943,TRAIN,gs://bdcc-aal-2022-db/images/2dc14280d962e327.jpg,Spider
944,TRAIN,gs://bdcc-aal-2022-db/images/2e5744f7805dea81.jpg,Spider
945,TRAIN,gs://bdcc-aal-2022-db/images/2e5b1a58c8da708a.jpg,Spider
946,TRAIN,gs://bdcc-aal-2022-db/images/2f6bc7764eafa8ef.jpg,Spider
947,TRAIN,gs://bdcc-aal-2022-db/images/2f7e046fe595dc5c.jpg,Spider
948,TRAIN,gs://bdcc-aal-2022-db/images/3091580b995ff595.jpg,Spider
949,TRAIN,gs://bdcc-aal-2022-db/images/325660774cdd0c68.jpg,Spider
950,TRAIN,gs://bdcc-aal-2022-db/images/332f38fdd0b0b55f.jpg,Spider
951,TRAIN,gs://bdcc-aal-2022-db/images/33afc331732aa69c.jpg,Spider
952,TRAIN,gs://bdcc-aal-2022-db/images/347221a32e893e8e.jpg,Spider
953,TRAIN,gs://bdcc-aal-2022-db/images/36d28a2fa1bd3223.jpg,Spider
954,TRAIN,gs://bdcc-aal-2022-db/images/37a26644c8ec10c4.jpg,Spider
955,TRAIN,gs://bdcc-aal-2022-db/images/391dcfbdce1648a0.jpg,Spider
956,TRAIN,gs://bdcc-aal-2022-db/images/39dd87e00183ab3d.jpg,Spider
957,TRAIN,gs://bdcc-aal-2022-db/images/3a4db2ff67d6ad20.jpg,Spider
958,TRAIN,gs://bdcc-aal-2022-db/images/3babe18a47396a3e.jpg,Spider
959,TRAIN,gs://bdcc-aal-2022-db/images/3c4eb718d21251e9.jpg,Spider
960,TRAIN,gs://bdcc-aal-2022-db/images/3c6223b543dd3a29.jpg,Spider
961,TRAIN,gs://bdcc-aal-2022-db/images/3cb639ea309aa04e.jpg,Spider
962,TRAIN,gs://bdcc-aal-2022-db/images/3d74ffd695baa6b3.jpg,Spider
963,TRAIN,gs://bdcc-aal-2022-db/images/3e344a30ff53e37f.jpg,Spider
964,TRAIN,gs://bdcc-aal-2022-db/images/40d9e696988d18f0.jpg,Spider
965,TRAIN,gs://bdcc-aal-2022-db/images/4450a8445a60dda8.jpg,Spider
966,TRAIN,gs://bdcc-aal-2022-db/images/44c1be6c12629828.jpg,Spider
967,TRAIN,gs://bdcc-aal-2022-db/images/461721567b02ecb0.jpg,Spider
968,TRAIN,gs://bdcc-aal-2022-db/images/4772f99fab32b7ae.jpg,Spider
969,TRAIN,gs://bdcc-aal-2022-db/images/47cd7fa3ef6f249e.jpg,Spider
970,TRAIN,gs://bdcc-aal-2022-db/images/488aa8f88363ee14.jpg,Spider
971,TRAIN,gs://bdcc-aal-2022-db/images/4c2382f351d885bc.jpg,Spider
972,TRAIN,gs://bdcc-aal-2022-db/images/4c9770d8e47923f7.jpg,Spider
973,TRAIN,gs://bdcc-aal-2022-db/images/4cb37e2142dd0f64.jpg,Spider
974,TRAIN,gs://bdcc-aal-2022-db/images/4d1ef73cf1c31621.jpg,Spider
975,TRAIN,gs://bdcc-aal-2022-db/images/4e03f0bd7fb944d1.jpg,Spider
976,TRAIN,gs://bdcc-aal-2022-db/images/4f18c7010cc3f63a.jpg,Spider
977,TRAIN,gs://bdcc-aal-2022-db/images/5002256231a6425e.jpg,Spider
978,TRAIN,gs://bdcc-aal-2022-db/images/50326bca2476148c.jpg,Spider
979,TRAIN,gs://bdcc-aal-2022-db/images/5176cca60e245e3a.jpg,Spider
980,VALIDATION,gs://bdcc-aal-2022-db/images/51b76f0a290b1e46.jpg,Spider
981,VALIDATION,gs://bdcc-aal-2022-db/images/525d96de125ddcd4.jpg,Spider
982,VALIDATION,gs://bdcc-aal-2022-db/images/52b7efa51db8a13a.jpg,Spider
983,VALIDATION,gs://bdcc-aal-2022-db/images/530e63ed6ca61a02.jpg,Spider
984,VALIDATION,gs://bdcc-aal-2022-db/images/54f049c072de2e0f.jpg,Spider
985,VALIDATION,gs://bdcc-aal-2022-db/images/54fd9ab7e68870e3.jpg,Spider
986,VALIDATION,gs://bdcc-aal-2022-db/images/574343e171cb4347.jpg,Spider
987,VALIDATION,gs://bdcc-aal-2022-db/images/57b028e15cd795e2.jpg,Spider
988,VALIDATION,gs://bdcc-aal-2022-db/images/58579ac4bd80a19f.jpg,Spider
989,VALIDATION,gs://bdcc-aal-2022-db/images/58e2f6ed5c9b366a.jpg,Spider
990,TEST,gs://bdcc-aal-2022-db/images/59523cdee4cfcfaa.jpg,Spider
991,TEST,gs://bdcc-aal-2022-db/images/5b464bf6516cccfe.jpg,Spider
992,TEST,gs://bdcc-aal-2022-db/images/5b9b0b60d04aae25.jpg,Spider
993,TEST,gs://bdcc-aal-2022-db/images/5ba4cac7365da894.jpg,Spider
994,TEST,gs://bdcc-aal-2022-db/images/5c9443ecc6fd7aaf.jpg,Spider
995,TEST,gs://bdcc-aal-2022-db/images/5e073882386413ef.jpg,Spider
996,TEST,gs://bdcc-aal-2022-db/images/6009239f956e9e72.jpg,Spider
997,TEST,gs://bdcc-aal-2022-db/images/6025dcd7ae98ae38.jpg,Spider
998,TEST,gs://bdcc-aal-2022-db/images/6260df2ad0b1b37e.jpg,Spider
999,TEST,gs://bdcc-aal-2022-db/images/6496f80282bbff28.jpg,Spider
